,time,open,close,high,low,volume,amount
0,2015/4/16,7672.641,7697.728,7784.564,7483.879,123400,1.89E+11
1,2015/4/17,7708.439,7739.58,7891.666,7622.947,122985,1.92E+11
2,2015/4/20,7743.993,7594.931,7833.929,7558.812,105223,1.62E+11
3,2015/4/21,7623.478,8122.676,8130.403,7616.232,140591,2.22E+11
4,2015/4/22,8142.62,8172.31,8219.138,8089.996,129489,2.11E+11
5,2015/4/23,8170.395,8246.455,8354.218,8141.113,139023,2.30E+11
6,2015/4/24,8225.123,8300.264,8322.649,8100.57,134275,2.21E+11
7,2015/4/27,8328.322,8319.613,8525.456,8268.138,134864,2.26E+11
8,2015/4/28,8290.641,8117.745,8389.462,7987.871,174786,2.86E+11
9,2015/4/29,8100.519,8271.152,8276.193,8052.581,140764,2.31E+11
10,2015/4/30,8281.464,8306.415,8377.606,8263.099,126204,2.11E+11
11,2015/5/4,8335.574,8307.981,8451.178,8171.861,106885,1.78E+11
12,2015/5/5,8292.419,8103.399,8300.283,8049.959,117520,1.93E+11
13,2015/5/6,8133.916,7998.159,8235.747,7927.973,120648,1.97E+11
14,2015/5/7,7975.322,7875.035,8018.798,7867.142,118502,1.89E+11
15,2015/5/8,7905.089,8133.173,8133.173,7891.641,134940,2.16E+11
16,2015/5/11,8135.931,8442.292,8458.013,8107.936,142622,2.37E+11
17,2015/5/12,8439.946,8591.582,8594.213,8361.997,184095,3.13E+11
18,2015/5/13,8528.295,8611.508,8691.142,8428.672,247615,4.27E+11
19,2015/5/14,8575.609,8638.494,8704.395,8528.72,249109,4.31E+11
20,2015/5/15,8611.776,8595.259,8698.53,8486.488,222561,3.83E+11
21,2015/5/18,8725.471,8881.655,8905.784,8664.271,208858,3.65E+11
22,2015/5/19,8772.442,9097.725,9129.624,8705.581,237774,4.25E+11
23,2015/5/20,9094.331,9264.658,9442.533,9091.784,248883,4.64E+11
24,2015/5/21,9289.992,9712.814,9730.669,9289.992,266715,5.07E+11
25,2015/5/22,9749.616,9719.758,9844.696,9504.66,296582,5.74E+11
26,2015/5/25,9592.438,9941.906,9993.245,9435.001,272067,5.35E+11
27,2015/5/26,9961.305,10509.595,10512.079,9961.305,269500,5.54E+11
28,2015/5/27,10556.45,10547.973,10708.096,10351.12,323732,6.81E+11
29,2015/5/28,10578.749,9979.378,10758.325,9837.166,386694,8.06E+11
30,2015/5/29,10105.786,10131.374,10372.672,9904.279,378946,7.70E+11
31,2015/6/1,10216.725,11027.861,11084.128,10187.841,274617,5.82E+11
32,2015/6/2,11038.853,11280.533,11420.738,10868.867,301198,6.69E+11
33,2015/6/3,11319.161,11121.739,11478.712,10834.436,359363,8.04E+11
34,2015/6/4,11169.19,10868.947,11268.177,10057.933,411842,8.82E+11
35,2015/6/5,10897.013,10927.776,11248.99,10531.317,367379,8.06E+11
36,2015/6/8,10835.246,10549.351,10915.659,10346.592,338203,7.19E+11
37,2015/6/9,10549.983,10625.595,10880.481,10379.491,349401,7.48E+11
38,2015/6/10,10575.835,10908.734,11259.966,10525.932,343745,7.54E+11
39,2015/6/11,11013.938,11185.449,11214.459,10857.972,290486,6.44E+11
40,2015/6/12,11197.42,11400.033,11516.494,11159.615,281288,6.41E+11
41,2015/6/15,11414.622,11203.187,11546.779,10985.584,287163,6.50E+11
42,2015/6/16,11195.233,10756.059,11204.178,10591.353,381645,8.30E+11
43,2015/6/17,10746.029,10975.585,11050.518,10414.52,365153,7.86E+11
44,2015/6/18,10976.638,10578.141,11132.456,10566.298,378158,8.28E+11
45,2015/6/19,10562.348,9986.253,10590.913,9955.012,452932,9.34E+11
46,2015/6/23,9995.655,9858.581,10096.366,9376.872,388551,7.65E+11
47,2015/6/24,9857.268,10003.52,10165.473,9660.383,355829,7.09E+11
48,2015/6/25,10037.915,9310.189,10086.748,9264.296,378147,7.44E+11
49,2015/6/26,9325.016,8558.82,9325.016,8558.82,322561,5.79E+11
50,2015/6/29,8710.439,7706.198,8724.291,7706.198,405117,6.64E+11
51,2015/6/30,7688.653,8265.192,8548.032,7489.391,460686,7.43E+11
52,2015/7/1,8325.451,7438.828,8703.362,7438.828,450877,7.56E+11
53,2015/7/2,7771.361,7596.645,8193.84,7254.716,539896,8.36E+11
54,2015/7/3,7638.231,7343.565,7864.327,7026.725,440203,6.56E+11
55,2015/7/6,8111.156,7376.668,8111.156,6655.978,372855,5.42E+11
56,2015/7/7,7278.619,6468.704,7370.087,6468.704,134990,1.87E+11
57,2015/7/8,6117.462,5908.808,7009.831,5908.808,40633,51282911680
58,2015/7/9,5857.485,6488.004,6488.004,5770.175,21227,26634963560
59,2015/7/10,6786.388,7132.894,7132.894,6782.736,15678,22093830600
60,2015/7/13,7421.863,7430.544,7837.125,7043.594,117646,1.80E+11
61,2015/7/14,7591.695,7502.258,7852.432,7408.343,145244,2.24E+11
62,2015/7/15,7471.265,6870.707,7487.529,6816.79,126863,1.84E+11
63,2015/7/16,6781.412,7207.021,7425.933,6511.528,188692,2.69E+11
64,2015/7/17,7169.449,7731.589,7732.103,7141.188,159111,2.40E+11
65,2015/7/20,7806.524,7465.611,7964.953,7305.88,206615,3.18E+11
66,2015/7/21,7457.389,7581.058,7795.8,7267.99,200285,3.07E+11
67,2015/7/22,7562.932,7633.264,7766.189,7434.761,161093,2.49E+11
68,2015/7/23,7667.307,8282.061,8356.768,7574.692,185614,2.99E+11
69,2015/7/24,8302.591,7856.068,8414.969,7794.863,200974,3.34E+11
70,2015/7/27,7856.515,7231.898,8052.594,7231.898,164002,2.59E+11
71,2015/7/28,7070.174,7083.852,7381.947,6895.868,182366,2.64E+11
72,2015/7/29,7141.51,7560.893,7572.195,6819.105,192114,2.81E+11
73,2015/7/30,7539.983,7089.811,7583.434,7010.676,202563,3.04E+11
74,2015/7/31,7126.94,7248.458,7484.925,7067.646,158052,2.33E+11
75,2015/8/3,7192.963,6903.942,7197.143,6839.187,103678,1.48E+11
76,2015/8/4,6928.167,7480.296,7525.957,6916.289,141017,2.09E+11
77,2015/8/5,7533.981,7308.767,7560.814,7282.16,126343,1.91E+11
78,2015/8/6,7232.751,7375.159,7547.662,7175.647,131340,1.98E+11
79,2015/8/7,7413.692,7719.281,7825.381,7413.692,144064,2.25E+11
80,2015/8/10,7734.074,8214.879,8312.786,7734.074,119663,1.95E+11
81,2015/8/11,8236.855,8072.196,8273.251,8070.924,115768,1.92E+11
82,2015/8/12,8070.674,7928.885,8181.383,7914.245,125333,2.05E+11
83,2015/8/13,7928.479,8169.148,8208.854,7887.643,125758,2.06E+11
84,2015/8/14,8199.713,8205.094,8352.4,8125.331,131755,2.22E+11
85,2015/8/17,8204.721,8447.703,8468.945,7977.485,134034,2.26E+11
86,2015/8/18,8465.296,7568.585,8552.078,7552.696,175119,2.88E+11
87,2015/8/19,7522.752,7837.198,7897.856,7331.498,194753,3.02E+11
88,2015/8/20,7764.512,7609.63,7945.925,7569.091,188069,2.94E+11
89,2015/8/21,7502.154,7215.147,7605.983,7080.987,194260,2.87E+11
90,2015/8/24,7020.672,6551.359,7046.338,6551.359,93269,1.25E+11
91,2015/8/25,6158.421,5794.609,6288.019,5794.609,136962,1.68E+11
92,2015/8/26,5784.564,5313.907,6046.237,5228.414,181466,2.09E+11
93,2015/8/27,5568.103,5829.614,5971.828,5426.191,177670,2.06E+11
94,2015/8/28,5990.203,6284.091,6292.906,5784.637,136361,1.65E+11
95,2015/8/31,6273.683,5842.002,6273.894,5741.233,90554,1.09E+11
96,2015/9/1,5823.748,5258.137,6059.881,5250.58,116929,1.30E+11
97,2015/9/2,5164.213,5228.636,5758.387,4973.634,169119,1.84E+11
98,2015/9/7,5446.325,5615.764,5741.576,5369.682,14422,16468324880
99,2015/9/8,5606.23,6158.373,6158.373,5557.966,13167,15712455240
100,2015/9/9,6217.163,6247.128,6431.586,6169.987,11820,15009255960
101,2015/9/10,6190.291,6178.521,6316.894,6103.037,7750,9748959080
102,2015/9/11,6176.801,6259.719,6340.236,6139.326,7693,9744708240
103,2015/9/14,6303.664,5607.611,6331.604,5607.611,10646,12896677920
104,2015/9/15,5539.208,5426.127,5671.067,5348.85,10495,11769378880
105,2015/9/16,5451.258,5836.415,5912.378,5399.368,14062,15980553640
106,2015/9/17,5848.405,5690.006,5973.58,5629.882,12905,15188246200
107,2015/9/18,5689.301,5772.966,5824.834,5625.907,11861,13708389440
108,2015/9/21,5742.891,6153.95,6164.973,5682.684,11523,13593328320
109,2015/9/22,6052.135,5977.583,6082.954,5897.024,10478,12712504080
110,2015/9/23,5956.248,5859.661,5974.793,5791.425,10233,12217682840
111,2015/9/24,5882.716,5969.069,6027.322,5857.76,9988,12053725200
112,2015/9/25,5967.269,5667.615,5986.237,5594.451,11773,13831953880
113,2015/9/28,5705.093,5860.295,5894.212,5645.903,10606,12458306000
114,2015/9/29,5827.425,5772.052,5827.425,5648.847,9770,11416674520
115,2015/9/30,5794.058,5785.254,5853.689,5716.402,8197,9659227680
116,2015/10/8,6040.379,6074.347,6227.656,6040.379,9351,11626215440
117,2015/10/9,6106.68,6257.812,6302.078,6093.899,8910,11157260640
118,2015/10/12,6309.092,6583.272,6830.771,6306.57,63348,84385340040
119,2015/10/20,6561.277,6660.698,6872.147,6348.675,91984,1.23E+11
120,2015/10/30,6683.921,6667.469,6765.397,6534.155,11905,16035987800
121,2015/11/2,6555.358,6554.66,6741.823,6473.018,11884,15890381640
122,2015/11/3,6596.321,6538.46,6636.969,6500.532,10800,14354794040
123,2015/11/4,6578.63,6975.659,7004.663,6559.9,13240,18080629680
124,2015/11/5,6952.525,6951.506,7007.416,6871.714,11725,16445495360
125,2015/11/6,6941.33,7190.293,7221.812,6941.33,10830,15498494760
126,2015/11/9,7175.143,7270.19,7358.644,7107.074,10720,15566647320
127,2015/11/10,7247.101,7489.265,7619.43,7179.246,84021,1.25E+11
128,2015/11/20,7460.785,7022.433,7668.774,6866.22,60976,90750563360
129,2015/11/30,7018.366,7044.963,7124.323,6848.133,11857,16699720360
130,2015/12/1,7057.243,7063.27,7190.522,6975.162,10909,15546037160
131,2015/12/2,7063.554,7204.871,7212.631,6875.179,13031,18438903240
132,2015/12/3,7166.079,7294.416,7322.453,7144.002,10580,15390646480
133,2015/12/4,7226.546,7224.859,7297.495,7135.645,9352,13610985640
134,2015/12/7,7248.476,7245.543,7340.042,7160,9605,14039203200
135,2015/12/8,7218.644,7130.246,7218.644,7069.511,9728,14002062800
136,2015/12/9,7127.791,7108.182,7175.829,7049.936,9455,13565148240
137,2015/12/10,7088.434,7485.866,7519.706,7001.75,76015,1.11E+11
138,2015/12/21,7453.092,7330.153,7602.99,7201.342,60339,90189700120
139,2015/12/30,7348.205,7262.813,7462.857,7253.968,17399,25860189600
140,2016/1/4,7264.721,6800.774,7273.41,6800.774,6683,9488583480
141,2016/1/5,6628.951,6617.814,6793.411,6571.077,11778,15753695360
142,2016/1/6,6653.614,6729.388,6783.079,6618.511,10850,14659358320
143,2016/1/7,6667.825,6288.999,6667.825,6288.999,2509,3301419920
144,2016/1/8,6442.671,6299.457,6487.694,6061.676,13008,16540913600
145,2016/1/11,6177.972,5823.747,6267.851,5815.069,14507,17812453280
146,2016/1/12,5902.831,5933.211,6035.027,5836.477,14991,17971162440
147,2016/1/13,5955.718,5733.855,6042.769,5685.644,15281,18220527080
148,2016/1/14,5543.176,5861.176,5900.613,5517.913,18386,21081901920
149,2016/1/15,5782.409,5592.694,5836.569,5540.161,18882,21682994280
150,2016/1/18,5468.374,5606.25,5716.78,5447.48,14821,16735856600
151,2016/1/19,5617.212,5831.978,5868.94,5602.808,14029,16214344760
152,2016/1/20,5781.898,5732.841,5865.366,5700.016,13256,15478951240
153,2016/1/21,5741.986,5581.79,5885.893,5558.502,15706,18191707800
154,2016/1/22,5674.793,5673.603,5730.073,5515.452,15119,17175161240
155,2016/1/25,5694.525,5686.683,5798.001,5640.035,12620,14526305520
156,2016/1/26,5630.249,5281.568,5639.797,5255.118,15040,16680649920
157,2016/1/27,5317.027,5164.081,5330.398,5006.643,17504,18289973840
158,2016/1/28,5130.383,5044.062,5224.431,5022.779,14559,15147309240
159,2016/1/29,5052.409,5213.909,5302.238,5042.775,16449,17245397400
160,2016/2/1,5218.522,5203.019,5270.882,5096.986,14065,14814217800
161,2016/2/2,5190.56,5393.4,5418.719,5190.56,14631,15835945320
162,2016/2/3,5342.75,5418.496,5443.921,5278.97,14202,15397598880
163,2016/2/4,5427.839,5554.329,5577.14,5427.839,15091,16873188360
164,2016/2/5,5536.995,5478.14,5565.214,5474.332,10993,12324869960
165,2016/2/15,5387.107,5497.561,5516.108,5315.707,13383,14722040440
166,2016/2/16,5525.975,5718.624,5745.82,5517.717,14819,16989399240
167,2016/2/17,5696.121,5765.989,5784.565,5663.322,14788,17140320760
168,2016/2/18,5777.942,5725.315,5828.61,5722.429,16369,19108010560
169,2016/2/19,5692.031,5719.223,5773.87,5684.775,16112,18680270280
170,2016/2/22,5770.521,5828.49,5880.133,5765.472,13132,15300213840
171,2016/2/23,5759.383,5739.085,5781.16,5655.772,12526,14503495360
172,2016/2/24,5720.448,5767.213,5810.231,5611.038,15359,17736056520
173,2016/2/25,5749.875,5243.998,5769.087,5184.916,17979,20084427760
174,2016/2/26,5311.752,5299.86,5373.021,5216.636,15850,17079117680
175,2016/2/29,5286.737,4964.23,5286.737,4925.36,18527,18992174480
176,2016/3/1,4959.795,5101.401,5160.382,4955.163,18858,19332803840
177,2016/3/2,5131.581,5455.361,5491.472,5122.263,19306,20751800680
178,2016/3/3,5452.963,5463.275,5594.059,5450.391,18009,20169965760
179,2016/3/4,5468.151,5308.056,5528.461,5241.862,20395,22361327840
180,2016/3/7,5399.915,5445.228,5563.859,5371.822,18343,20395071440
181,2016/3/8,5371.395,5508.119,5519.355,5208.804,20414,22276784280
182,2016/3/9,5410.202,5351.085,5449.064,5311.515,16973,18576481480
183,2016/3/10,5377.18,5231.929,5431.079,5209.022,18136,19684439800
184,2016/3/11,5205.32,5243.736,5304.767,5157.9,17359,18527745400
185,2016/3/14,5353.121,5450.626,5556.995,5336.247,21334,23704255720
186,2016/3/15,5433.834,5403.531,5479.563,5375.103,17507,19357433760
187,2016/3/16,5457.847,5332.412,5479.144,5258.912,22231,24263264720
188,2016/3/17,5354.235,5520.205,5552.5,5312.925,25707,28392369080
189,2016/3/18,5509.815,5724.972,5758.844,5509.815,23864,27281575000
190,2016/3/21,5798.118,5879.356,5909.39,5788.973,17344,20255776000
191,2016/3/22,5787.362,5815.465,5882.053,5768.437,14642,17205279400
192,2016/3/23,5809.06,5841.852,5869.645,5762.349,14820,17451941680
193,2016/3/24,5785.234,5728.963,5849.715,5717.99,19234,22515297120
194,2016/3/25,5742.472,5791.798,5830.164,5731.183,15273,17871482720
195,2016/3/28,5830.662,5733.905,5944.227,5717.038,17776,21045358360
196,2016/3/29,5739.107,5656.65,5758.02,5591.871,19133,21998502200
197,2016/3/30,5733.068,5877.44,5888.185,5681.455,19562,22885267240
198,2016/3/31,5888.694,5879.706,5938.326,5871.029,17340,20787719720
199,2016/4/1,5865.841,5880.741,5883.863,5713.641,19443,22947164120
200,2016/4/5,5847.682,6039.633,6081.973,5841.413,19714,23850655840
201,2016/4/6,6043.935,6068.959,6081.875,6014.493,15277,18742929000
202,2016/4/7,6086.72,5995.157,6124.163,5980.402,18110,22227122520
203,2016/4/8,5959.772,5945.093,5961.586,5870.444,18699,22500336600
204,2016/4/11,5997.516,6065.846,6139.763,5997.516,18922,23383634400
205,2016/4/12,6057.863,6050.239,6082.302,5964.383,19089,23366282040
206,2016/4/13,6096.661,6123.397,6238.16,6089.598,23494,29419919400
207,2016/4/14,6160.271,6186.136,6195.126,6118.402,19038,23733607160
208,2016/4/15,6158.719,6150.531,6173.956,6096.231,19669,24405029320
209,2016/4/18,6100.105,6016.904,6100.105,5956.865,16268,19602558240
210,2016/4/19,6064.429,5989.252,6064.429,5947.105,15288,18482177720
211,2016/4/20,6018.469,5669.569,6043.362,5606.98,21027,24690130400
212,2016/4/21,5675.065,5663.301,5791.615,5647.809,17547,20277156480
213,2016/4/22,5634.368,5728.348,5728.348,5612.89,16488,18934849840
214,2016/4/25,5692.599,5692.454,5700.709,5565.614,16122,18442460520
215,2016/4/26,5697.637,5764.113,5773.065,5643.218,16372,18950390680
216,2016/4/27,5767.411,5741.813,5808.462,5712.784,15348,17907444680
217,2016/4/28,5748.474,5711.474,5758.475,5605.177,17368,20004638400
218,2016/4/29,5687.922,5723.578,5763.268,5676.414,14982,17385777040
219,2016/5/3,5735.737,5958.032,5961.518,5677.935,18623,22052935600
220,2016/5/4,5936.947,5942.634,5987.273,5920.523,14408,17305922160
221,2016/5/5,5935.109,6010.907,6015.305,5919.472,14893,17944307280
222,2016/5/6,5987.831,5766.558,6036.448,5758.453,21150,25142606600
223,2016/5/9,5711.34,5530.191,5711.34,5514.318,20359,23021165200
224,2016/5/10,5540.124,5517.866,5575.228,5504.945,16020,17951386680
225,2016/5/11,5563.218,5499.039,5603.397,5479.541,18074,20335777880
226,2016/5/12,5453.343,5525.825,5535.32,5364.803,19684,21799998760
227,2016/5/13,5494.657,5497.76,5606.528,5465.632,18358,20587853360
228,2016/5/16,5463.199,5601.656,5609.185,5457.507,19357,21749470280
229,2016/5/17,5592.149,5587.491,5634.765,5529.362,20427,23202930400
230,2016/5/18,5527.114,5441.119,5532.555,5377.353,22170,24552137040
231,2016/5/19,5414.997,5431.949,5532.267,5414.997,22900,25444267080
232,2016/5/20,5380.105,5496.411,5515.634,5365.105,20547,22725524680
233,2016/5/23,5554.103,5603.348,5650.924,5547.431,15421,17302724080
234,2016/5/24,5543.781,5505.075,5553.215,5452.334,15990,17764210320
235,2016/5/25,5560.335,5467.126,5586.562,5460.636,15750,17581659240
236,2016/5/26,5464.573,5542.029,5542.143,5376.975,18891,20793762520
237,2016/5/27,5529.593,5555.261,5586.852,5492.627,16462,18372486360
238,2016/5/30,5519.727,5551.82,5608.196,5449.118,18320,20422564440
239,2016/5/31,5569.702,5870.965,5875.841,5569.702,22427,25864907720
240,2016/6/1,5861.574,5842.665,5914.983,5835.671,16546,19522488240
241,2016/6/2,5851.655,5867.497,5874.837,5829.914,14844,17473504600
242,2016/6/3,5867.969,5930.564,5945.169,5844.188,18156,21516058480
243,2016/6/6,5942.671,5900.775,5967.219,5883.852,14916,17775624840
244,2016/6/7,5904.236,5934.352,5937.855,5868.253,14334,17049051520
245,2016/6/8,5916.249,5909.697,5939.109,5849.275,15753,18716626920
246,2016/6/13,5838.576,5636.324,5882.217,5628.834,21498,25096644720
247,2016/6/14,5644.047,5619.885,5667.985,5592.359,19560,22224965640
248,2016/6/15,5572.273,5806.567,5842.059,5563.806,22497,26114927680
249,2016/6/16,5793.459,5771.148,5819.497,5745.586,20262,23704418360
250,2016/6/17,5770.728,5767.534,5867.654,5742.599,21567,25282049040
251,2016/6/20,5768.235,5800.016,5816.153,5679.744,15953,18435992720
252,2016/6/21,5804.929,5688.971,5885.373,5652.161,18351,21391248640
253,2016/6/22,5678.446,5839.292,5839.78,5672.147,16776,19487606720
254,2016/6/23,5821.617,5816.247,5833.9,5755.793,16449,19206731520
255,2016/6/24,5801.898,5720.465,5863.392,5588.038,22084,25555229000
256,2016/6/27,5737.359,5898.921,5909.294,5735.971,17277,20308465000
257,2016/6/28,5882.942,5971.574,5975.528,5856.834,16906,20135006160
258,2016/6/29,5992.963,5983.814,6008.22,5946.049,14500,17453594760
259,2016/6/30,5979.125,5980.076,5993.014,5951.722,12887,15513559320
260,2016/7/1,5985.217,5964.887,6031.93,5942.174,15197,18329424240
261,2016/7/4,5943.884,6087.814,6126.871,5937,17690,21591770200
262,2016/7/5,6095.316,6131.306,6146.521,6093.307,13592,16750702600
263,2016/7/6,6119.579,6148.482,6176.559,6091.306,14496,17912383920
264,2016/7/7,6153.407,6189.925,6203.925,6093.938,17468,21657808800
265,2016/7/8,6174.832,6174.745,6205.603,6134.934,14658,18255975720
266,2016/7/11,6188.716,6150.994,6257.89,6146.965,17864,22371965200
267,2016/7/12,6161.596,6259.109,6267.391,6118.467,20988,26237198040
268,2016/7/13,6298.882,6303.039,6333.627,6248.481,19884,25293357000
269,2016/7/14,6290.685,6316.253,6319.159,6278.84,16337,20783287840
270,2016/7/15,6299.078,6284.859,6324.149,6245.361,17493,22193776240
271,2016/7/18,6280.751,6234.76,6302.54,6223.896,13769,17239249840
272,2016/7/19,6211.196,6199.557,6225.209,6146.53,14633,18263077240
273,2016/7/20,6214.424,6189.249,6263.774,6188.103,14603,18306602560
274,2016/7/21,6197.896,6227.268,6296.742,6194.401,15725,19788157520
275,2016/7/22,6218.481,6192.323,6249.837,6180.611,13502,16915660960
276,2016/7/25,6182.199,6208.008,6241.338,6166.63,12838,16074564960
277,2016/7/26,6202.649,6307.87,6310.146,6202.649,13614,17216333760
278,2016/7/27,6304.584,6023.065,6330.848,5964.289,21142,26209027240
279,2016/7/28,6032.722,6042.042,6074.109,5977.917,16001,19487583280
280,2016/7/29,6056.483,6024.907,6069.1,6003.62,13129,15977017120
281,2016/8/1,6007.513,5948.396,6022.977,5885.255,15128,18095261360
282,2016/8/2,5966.912,6004.759,6019.607,5950.744,12504,15085193280
283,2016/8/3,5990.513,6032.091,6045.827,5984.422,13145,15923572800
284,2016/8/4,6034.512,6088.781,6091.672,6013.915,12398,15103598480
285,2016/8/5,6077.903,6068.647,6089.386,6051.375,11856,14493471800
286,2016/8/8,6063.359,6166.664,6167.398,6012.165,15179,18643313680
287,2016/8/9,6156.678,6214.879,6218.404,6153.727,12441,15523766360
288,2016/8/10,6213.74,6199.791,6236.497,6190.974,11340,14209051560
289,2016/8/11,6195.265,6111.157,6198.321,6110.058,15347,19056886360
290,2016/8/12,6116.406,6174.905,6206.051,6088.939,16067,19872934040
291,2016/8/15,6181.525,6333.901,6379.485,6175.467,20560,26016077720
292,2016/8/16,6353.067,6372.609,6397.066,6348.399,15863,20368762560
293,2016/8/17,6361.956,6364.651,6381.558,6333.611,15256,19570909480
294,2016/8/18,6346.59,6353.078,6392.268,6310.601,16393,21049601080
295,2016/8/19,6337.971,6344.581,6374.669,6305.178,14347,18347974920
296,2016/8/22,6391.269,6322.08,6426.361,6309.987,11716,14861239680
297,2016/8/23,6276.138,6251.32,6301.058,6177.722,12115,15270681480
298,2016/8/24,6270.026,6254.404,6302.733,6238.787,11609,14653942280
299,2016/8/25,6222.744,6217.848,6222.925,6129.144,12934,16077101960
300,2016/8/26,6234.294,6217.43,6314.495,6201.615,13371,16852079160
301,2016/8/29,6221,6263.692,6284.711,6219.579,11241,14164741920
302,2016/8/30,6262.572,6265.612,6312.176,6238.741,11842,14958681400
303,2016/8/31,6262.198,6282.688,6287.154,6210.624,12464,15681154920
304,2016/9/1,6274.547,6212.441,6291.16,6202.023,11136,14042307800
305,2016/9/2,6216.322,6207.64,6264.621,6186.535,12352,15494221040
306,2016/9/5,6229.076,6242.016,6288.524,6229.076,12166,15329413720
307,2016/9/6,6242.368,6372.767,6376.979,6183.75,16220,20542840800
308,2016/9/7,6423.363,6356.79,6423.363,6349.348,12780,16428737880
309,2016/9/8,6352.311,6393.753,6397.611,6350.843,11439,14691759560
310,2016/9/9,6381.405,6358.61,6399.113,6354.924,13045,16764540640
311,2016/9/12,6249.042,6161.93,6257.794,6160.269,18018,22556016080
312,2016/9/13,6191.072,6180.801,6206.839,6168.079,15887,19824185680
313,2016/9/14,6138.78,6133.129,6173.801,6128.37,16586,20610238360
314,2016/9/19,6131.713,6175.47,6178.87,6131.713,14320,17829478880
315,2016/9/20,6169.777,6163.856,6179.017,6150.189,8155,10116699640
316,2016/9/21,6146.435,6167.019,6184.988,6139.767,9582,11930302440
317,2016/9/22,6197.073,6212.818,6250.497,6197.073,10722,13470303600
318,2016/9/23,6228.907,6221.438,6231.748,6208.795,8295,10398752600
319,2016/9/26,6213.467,6124.703,6219.135,6110.144,12001,14936423720
320,2016/9/27,6156.22,6168.791,6173.895,6098.047,11294,13973435440
321,2016/9/28,6160.844,6160.775,6174.903,6141.672,8958,11125345080
322,2016/9/29,6167.28,6219.706,6229.505,6167.28,11122,13916681400
323,2016/9/30,6206.049,6237.895,6243.653,6201.424,9091,11399622480
324,2016/10/10,6258.989,6370.554,6412.256,6115.187,92259,1.18E+11
325,2016/10/20,6373.968,6348.468,6482.381,6297.443,77728,99847841960
326,2016/10/31,6343.305,6340.718,6346.42,6295.854,9217,11731917360
327,2016/11/1,6339.79,6396.31,6402.841,6336.515,9847,12623224600
328,2016/11/2,6386.696,6327.923,6389.729,6326.486,9207,11790975280
329,2016/11/3,6320.123,6360.182,6411.667,6318.517,11728,15036313600
330,2016/11/4,6360.094,6340.343,6398.343,6328.919,8990,11526514480
331,2016/11/7,6350.159,6326.922,6368.891,6319.061,8844,11316415040
332,2016/11/8,6346.416,6379.079,6398.484,6339.883,10252,13149390280
333,2016/11/9,6368.515,6316.201,6382.945,6224.525,14934,19035331120
334,2016/11/10,6355.291,6455.031,6518.316,6355.291,80546,1.05E+11
335,2016/11/21,6481.435,6473.033,6538.719,6375.403,62154,81082558040
336,2016/11/30,6464.381,6450.561,6502.755,6423.722,10006,13026700400
337,2016/12/1,6455.413,6485.224,6505.416,6450.807,8525,11123379120
338,2016/12/2,6465.002,6347.374,6474.108,6345.019,9704,12556792760
339,2016/12/5,6306.077,6338.594,6398.106,6306.077,8932,11453130040
340,2016/12/6,6353.184,6334.727,6383.078,6327.687,8986,11517507680
341,2016/12/7,6342.004,6386.267,6396.89,6318.668,10234,13115305120
342,2016/12/8,6380.044,6376.315,6394.442,6368.187,8991,11584564720
343,2016/12/9,6358.467,6340.609,6380.104,6340.609,9229,11872895240
344,2016/12/12,6337.665,6126.54,6368.355,6014.504,76602,94823769760
345,2016/12/20,6091.418,6126.726,6166.407,6022.766,57800,71420462640
346,2016/12/30,6133.815,6131.08,6156.16,6110.566,7292,9018080200
347,2017/1/3,6150.845,6200.118,6217.77,6143.536,7618,9514265240
348,2017/1/4,6199.364,6290.95,6297.159,6191.996,8955,11262558360
349,2017/1/5,6285.642,6283.368,6296.82,6274.739,6882,8705262600
350,2017/1/6,6282.831,6259.719,6286.178,6247.069,6947,8767696640
351,2017/1/9,6257.855,6295.576,6301.901,6252.05,7198,9109395400
352,2017/1/10,6293.91,6262.249,6299.202,6258.372,6878,8713767760
353,2017/1/11,6260.491,6213.86,6292.038,6211.796,8544,10766743440
354,2017/1/12,6215.863,6154.001,6233.503,6148.819,8333,10420444600
355,2017/1/13,6162.599,6102.718,6176.346,6097.473,10558,13071457040
356,2017/1/16,6105.099,5912.155,6110.878,5794.279,15804,19004574760
357,2017/1/17,5892.356,5963.328,5968.706,5866.035,14175,16936272440
358,2017/1/18,5948.733,5968.313,5998.021,5935.193,13731,16557201720
359,2017/1/19,5953.275,5957.811,5980.466,5918.059,14555,17486624560
360,2017/1/20,5948.429,6048.488,6067.547,5941.876,15503,18799865440
361,2017/1/23,6089.841,6104.776,6193.636,6088.574,8485,10350635120
362,2017/1/24,6061.073,6067.8,6078.285,6043.174,7287,8863302680
363,2017/1/25,6052.941,6100.357,6102.381,6036.875,7050,8616507400
364,2017/1/26,6099.974,6131.018,6138.916,6099.693,5750,7071987720
365,2017/2/3,6129.659,6111.262,6142.102,6029.373,6505,7977127440
366,2017/2/6,6110.59,6139.291,6149.512,6095.169,8030,9887218320
367,2017/2/7,6136.387,6116.975,6149.873,6095.289,8532,10505561680
368,2017/2/8,6114.369,6172.504,6183.052,6092.534,9766,12047344840
369,2017/2/9,6165.044,6203.38,6214.893,6165.044,9107,11368529760
370,2017/2/10,6199.377,6205.777,6214.779,6184.858,9624,12028431560
371,2017/2/13,6197.83,6236.4,6248.883,6194.555,9521,11954280120
372,2017/2/14,6234.34,6231.048,6237.227,6205.854,8777,11021075960
373,2017/2/15,6222.823,6171.555,6240.433,6166.328,11284,14124659680
374,2017/2/16,6165.227,6224.878,6227.529,6162.993,12163,15222296080
375,2017/2/17,6241.117,6169.63,6267.934,6158.633,14165,17682558520
376,2017/2/20,6247.264,6341.058,6342.92,6246.87,11935,14885504280
377,2017/2/21,6247.877,6281.843,6301.187,6242.569,11014,13899397800
378,2017/2/22,6288.202,6328.747,6333.155,6278.612,10681,13538952880
379,2017/2/23,6323.694,6334.589,6342.227,6285.249,11836,15030351160
380,2017/2/24,6323.485,6348.36,6350.362,6313.194,10045,12782938920
381,2017/2/27,6343.366,6281.842,6345.078,6268.413,11149,14141295440
382,2017/2/28,6282.258,6310.509,6319.852,6280.618,10954,13895764920
383,2017/3/1,6305.861,6329.321,6373.801,6297.334,13062,16667316520
384,2017/3/2,6339.912,6318.927,6353.293,6292.25,12110,15396662200
385,2017/3/3,6309.098,6324.422,6343.239,6273.687,12770,16232002440
386,2017/3/6,6329.865,6385.343,6405.795,6329.865,11941,15339510760
387,2017/3/7,6386.665,6385.356,6391.872,6354.521,10345,13277403000
388,2017/3/8,6378.043,6361.695,6378.603,6338.927,10266,13161293320
389,2017/3/9,6344.182,6298.237,6349.85,6271.015,13780,17507477680
390,2017/3/10,6290.403,6307.338,6327.399,6290.403,11701,14894894920
391,2017/3/13,6299.195,6380.277,6383.88,6256.733,15660,20025866000
392,2017/3/14,6370.989,6357.242,6388.796,6348.102,12704,16338385920
393,2017/3/15,6343.739,6345.92,6365.381,6335.956,14808,18993589000
394,2017/3/16,6349.722,6428.111,6429.809,6349.722,19018,24540975760
395,2017/3/17,6416.431,6363.443,6622.674,6348.397,20043,25926192280
396,2017/3/20,6397.269,6404.693,6411.537,6365.108,11302,14433854760
397,2017/3/21,6363.686,6378.683,6378.896,6335.878,10161,13000199200
398,2017/3/22,6352.483,6363.369,6373.742,6303.663,12003,15338344320
399,2017/3/23,6367.883,6382.726,6409.358,6315.92,14699,18867022360
400,2017/3/24,6378.01,6465.847,6470.87,6378.01,13947,18031867240
401,2017/3/27,6461.604,6424.28,6469.349,6409.312,12707,16430793120
402,2017/3/28,6427.094,6412.757,6440.25,6401.798,10998,14189818920
403,2017/3/29,6418.86,6391.712,6433.464,6351.89,13455,17319299120
404,2017/3/30,6392.444,6320.775,6402.945,6311.601,16099,20535563800
405,2017/3/31,6329.532,6333.511,6345.049,6308.4,11551,14686628840
406,2017/4/5,6355.293,6486.438,6494.893,6355.293,15284,19809502880
407,2017/4/6,6495.683,6482.445,6497.167,6463.73,10892,14183752840
408,2017/4/7,6477.81,6495.889,6520.649,6455.141,10911,14232392040
409,2017/4/10,6495.513,6483.769,6506.829,6479.034,9607,12540227080
410,2017/4/11,6487.943,6540.101,6554.816,6449.565,14685,19224396800
411,2017/4/12,6540.778,6499.391,6545.101,6489.02,12445,16326532560
412,2017/4/13,6493.312,6550.141,6569.691,6490.103,11953,15727420120
413,2017/4/14,6546.319,6456.375,6549.567,6443.45,15300,19962798840
414,2017/4/17,6449.027,6384.724,6451.772,6368.657,16027,20646865120
415,2017/4/18,6386.263,6362.448,6420.484,6357.237,15610,20077042280
416,2017/4/19,6341.861,6288.751,6352.557,6219.488,21078,26597754960
417,2017/4/20,6292.497,6296.37,6321.558,6260.196,18761,23725241880
418,2017/4/21,6290.584,6237.555,6317.495,6228.659,17645,22229356120
419,2017/4/24,6264.659,6124.721,6270.881,6123.42,14937,18360138920
420,2017/4/25,6097.379,6099.574,6151.183,6087.869,13104,16081052400
421,2017/4/26,6101.025,6115.723,6147.12,6101.025,11658,14328115080
422,2017/4/27,6112.007,6132.929,6151.924,6002.522,16116,19643004160
423,2017/4/28,6130.56,6150.121,6159.934,6122.042,11518,14178672960
424,2017/5/2,6146.457,6140.912,6155.095,6123.986,9389,11555037080
425,2017/5/3,6135.507,6118.815,6168.529,6100.866,10869,13380261280
426,2017/5/4,6114.03,6085.987,6177.327,6082.915,13423,16505558320
427,2017/5/5,6075.969,6017.471,6100.817,6007.533,15101,18386176640
428,2017/5/8,6015.986,5909.118,6030.013,5905.215,15314,18373748320
429,2017/5/9,5916.911,5942.433,5954.488,5869.718,16628,19752676560
430,2017/5/10,5941.26,5793.946,5971.079,5793.946,17163,20357716200
431,2017/5/11,5793.854,5776.073,5814.827,5656.145,21280,24583350360
432,2017/5/12,5780.17,5770.607,5800.321,5734.795,17091,19825246560
433,2017/5/15,5792.884,5816.85,5848.751,5792.884,16194,18938822520
434,2017/5/16,5804.914,5958.344,5968.367,5759.352,21065,24771755520
435,2017/5/17,5947.744,5967.154,6006.547,5947.288,16856,20237808800
436,2017/5/18,5924.684,5902.525,5984.945,5891.564,18305,21829570720
437,2017/5/19,5907.162,5892.861,5929.68,5865.801,16440,19472088080
438,2017/5/22,5935.949,5840.154,5969.72,5816.151,15500,18179774480
439,2017/5/23,5796.087,5683.878,5820.083,5678.64,16572,19139299640
440,2017/5/24,5676.36,5727.1,5739.307,5610.826,20333,23192906400
441,2017/5/25,5719.751,5781.269,5830.841,5660.197,20455,23558354520
442,2017/5/26,5783.049,5783.233,5831.479,5766.855,15221,17715302880
443,2017/5/31,5856.502,5741.475,5894.763,5731.736,16578,19330901680
444,2017/6/1,5724.634,5634.304,5764.738,5625.67,16666,19093803280
445,2017/6/2,5640.191,5718.992,5741.451,5580.395,19310,21919338680
446,2017/6/5,5752.447,5741.643,5793.579,5730.923,16791,19416581840
447,2017/6/6,5740.167,5769.844,5799.317,5733.469,16201,18749090240
448,2017/6/7,5772.56,5914.086,5921.639,5772.56,21384,25171211680
449,2017/6/8,5908.457,5899.892,5918.369,5876.164,15010,17798136400
450,2017/6/9,5890.782,5923.217,5931.006,5858.509,17547,20757410240
451,2017/6/12,5897.678,5838.35,5897.678,5834.262,18805,22153668360
452,2017/6/13,5842.127,5908.53,5944.011,5836.808,20871,24757573880
453,2017/6/14,5916.36,5905.761,5937.478,5896.854,17985,21382431360
454,2017/6/15,5902.089,5951.121,5974.154,5901.186,21711,25943973520
455,2017/6/16,5947.584,5936.487,5958.34,5926.875,16333,19497841600
456,2017/6/19,5953.461,5998.505,6016.573,5944.715,14388,17207559680
457,2017/6/20,5976.1,5994.684,6027.629,5974.066,12928,15570100520
458,2017/6/21,5996.749,5999.943,6003.28,5943.183,14045,16854115080
459,2017/6/22,5990.973,5913.283,6031.768,5906.047,15332,18424572560
460,2017/6/23,5925.738,5919.02,5941.589,5828.948,17644,20890100600
461,2017/6/26,5929.79,6053.213,6059.263,5924.722,17244,20761010120
462,2017/6/27,6048.219,6030.588,6065.378,6012.988,13120,15914334320
463,2017/6/28,6027.545,6016.832,6044.971,5995.768,11767,14219705520
464,2017/6/29,6027.625,6039.687,6078.56,6023.52,13837,16797423000
465,2017/6/30,6028.746,6061.066,6081.128,6011.704,12091,14678622040
466,2017/7/3,6062.86,6107.717,6114.462,6049.857,12099,14786045840
467,2017/7/4,6107.304,6080.526,6108.203,6053.372,12162,14850051560
468,2017/7/5,6075.452,6122.781,6130.829,6061.941,11919,14597200960
469,2017/7/6,6120.869,6108.075,6146.678,6068.118,13381,16433787840
470,2017/7/7,6105.422,6146.768,6166.873,6096.373,10692,13162742480
471,2017/7/10,6141.299,6122.871,6169.14,6104.188,12384,15267824120
472,2017/7/11,6133.981,6063.378,6133.981,6050.139,14252,17455222960
473,2017/7/12,6074.533,6036.487,6076.987,5970.57,18236,22058649040
474,2017/7/13,6040.3,6060.899,6101.098,6032.942,15764,19225370840
475,2017/7/14,6053.243,6042.8,6071.551,6017.686,12400,15082681880
476,2017/7/17,6034.475,5780.38,6038.469,5775.838,18883,22331953440
477,2017/7/18,5800.811,5844.65,5849.002,5767.398,19677,22989655080
478,2017/7/19,5836.414,5970.867,5982.628,5824.537,20003,23739794240
479,2017/7/20,5964.994,6002.142,6031.32,5964.143,17711,21387655960
480,2017/7/21,5992.034,6021.426,6038.372,5979.929,16015,19382596840
481,2017/7/24,6025.262,6063.21,6095.037,6011.667,14083,17070719840
482,2017/7/25,6052.249,6044.247,6060.976,5989.208,13958,16877886760
483,2017/7/26,6042.957,6030.565,6060.478,5997.954,12831,15526224880
484,2017/7/27,6024.892,6092.053,6110.442,5977.438,15849,19277832400
485,2017/7/28,6089.507,6150.759,6160.107,6080.302,13491,16569997240
486,2017/7/31,6146.726,6231.186,6243.049,6121.095,12689,15753333840
487,2017/8/1,6231.162,6212.462,6238.483,6192.346,11762,14662671640
488,2017/8/2,6217.254,6193.113,6255.141,6173.689,13508,16841382720
489,2017/8/3,6186.047,6201.981,6245.303,6175.039,13394,16698444520
490,2017/8/4,6206.234,6153.581,6247.435,6147.323,13591,16940464000
491,2017/8/7,6176.371,6244.042,6247.568,6159.593,11949,14883308520
492,2017/8/8,6245.943,6236.651,6269.843,6218.853,12029,15081907440
493,2017/8/9,6230.66,6278.314,6293.959,6228.915,10767,13526242920
494,2017/8/10,6265.544,6210.478,6281.92,6175.07,14134,17689785640
495,2017/8/11,6187.567,6101.762,6226.319,6080.177,16998,21046503000
496,2017/8/14,6118.11,6245.167,6246.23,6117.563,15499,19283107800
497,2017/8/15,6238.262,6247.819,6264.426,6220.785,14418,18073475600
498,2017/8/16,6243.866,6259.537,6271.641,6203.972,16477,20668774040
499,2017/8/17,6269.426,6311.689,6318.176,6240.094,18767,23664469520
500,2017/8/18,6281.249,6274.999,6301.498,6259.267,16561,20864079080
501,2017/8/21,6318.629,6377.637,6389.17,6318.629,10507,13321982600
502,2017/8/22,6336.773,6312.369,6336.773,6287.728,10644,13460535080
503,2017/8/23,6305.8,6261.636,6316.059,6223.112,12476,15692380640
504,2017/8/24,6270.866,6224.703,6280.964,6214.385,11489,14397457200
505,2017/8/25,6230.221,6305.263,6331.288,6230.122,13719,17273757960
506,2017/8/28,6315.866,6394.678,6431.202,6308.161,14543,18604198640
507,2017/8/29,6394.144,6366.46,6411.889,6345.67,10897,13939779560
508,2017/8/30,6365.778,6407.725,6431.901,6361.765,10931,14024832240
509,2017/8/31,6414.923,6435.954,6446.209,6395.534,10681,13749022600
510,2017/9/1,6442.898,6500.195,6520.299,6419.462,12671,16452429600
511,2017/9/4,6505.993,6519.842,6533.981,6486.206,11040,14408708200
512,2017/9/5,6516.448,6535.895,6542.744,6486.853,11243,14694980280
513,2017/9/6,6524.311,6560.443,6577.746,6511.463,11301,14844774200
514,2017/9/7,6560.953,6516.401,6580.063,6503.456,11583,15217783280
515,2017/9/8,6523.077,6517.023,6576.639,6485.557,13437,17599974360
516,2017/9/11,6519.815,6623.961,6624.654,6517.056,15749,20763796600
517,2017/9/12,6627.499,6606.625,6687.076,6578.558,17953,23908605120
518,2017/9/13,6601.36,6637.721,6647.563,6579.777,16547,21971337800
519,2017/9/14,6625.421,6629.417,6662.738,6603.093,17987,23935012000
520,2017/9/15,6617.695,6575.056,6617.695,6542.186,18078,23877172600
521,2017/9/18,6600.122,6695.538,6695.745,6595.307,12737,16885666480
522,2017/9/19,6650.012,6579.637,6668.775,6558.379,12505,16587162200
523,2017/9/20,6587.451,6649.785,6667.641,6570.098,12305,16341178520
524,2017/9/21,6654.206,6573.04,6657.887,6553.44,13049,17274505520
525,2017/9/22,6563.355,6509.739,6563.355,6470.595,12792,16713781520
526,2017/9/25,6515.788,6415.934,6533.396,6407.757,12490,16214989280
527,2017/9/26,6431.667,6460.373,6473.766,6427.718,10898,14100893840
528,2017/9/27,6464.502,6538.004,6560.155,6464.502,10717,14026233600
529,2017/9/28,6540.178,6530.5,6575.789,6494.18,9543,12507998000
530,2017/9/29,6541.585,6576.475,6601.154,6526.385,10592,13945027160
531,2017/10/9,6638.774,6664.03,6695.666,6629.803,11613,15502172960
532,2017/10/10,6666.605,6457.542,6707.227,6446.655,108746,1.44E+11
533,2017/10/20,6458.397,6579.987,6649.462,6451.852,76648,1.01E+11
534,2017/10/30,6577.834,6485.699,6583.788,6389.45,26310,34069090400
535,2017/11/1,6488.01,6456.501,6541.068,6454.936,12265,15984647680
536,2017/11/2,6458.031,6415.88,6466.055,6382.377,12019,15487235600
537,2017/11/3,6411.952,6335.337,6437.999,6297.074,13555,17302691480
538,2017/11/6,6343.524,6443.982,6452.065,6330.148,12810,16414980160
539,2017/11/7,6445.187,6484.429,6489.468,6424.471,12350,15991496080
540,2017/11/8,6483.128,6511.277,6556.52,6475.717,12551,16419831080
541,2017/11/9,6513.312,6568.744,6571.094,6507.315,10653,13958389480
542,2017/11/10,6561.662,6322.45,6632.955,6307.456,84919,1.11E+11
543,2017/11/20,6356.663,6253.769,6456.686,6113.357,105217,1.32E+11
544,2017/11/30,6246.189,6181.88,6270.15,6172.217,11676,14575825680
545,2017/12/1,6196.553,6257.583,6303.061,6194.134,11736,14722147560
546,2017/12/4,6258.716,6212.076,6306.603,6196.744,12445,15580640720
547,2017/12/5,6208.139,6075.643,6225.032,6040.282,13464,16552727760
548,2017/12/6,6075.332,6107.887,6114.97,6001.253,16193,19689398360
549,2017/12/7,6121.896,6059.387,6141.983,6056.02,14359,17573482080
550,2017/12/8,6065.728,6144.333,6184.862,6064.473,14850,18285926920
551,2017/12/11,6161.941,6209.514,6246.324,6132.764,99926,1.24E+11
552,2017/12/20,6205.058,6266.342,6288.011,6086.268,84398,1.05E+11
553,2018/1/2,6260.552,6329.054,6338.868,6251.907,10571,13339371520
554,2018/1/3,6331.414,6370.74,6394.043,6321.648,10281,13103339280
555,2018/1/4,6360.839,6386.292,6393.195,6359.729,8291,10599555720
556,2018/1/5,6385.743,6377.505,6405.188,6363.692,8934,11429912680
557,2018/1/8,6378.905,6410.831,6418.31,6355.756,9174,11759004960
558,2018/1/9,6410.322,6410.448,6412.866,6380.683,8363,10728506720
559,2018/1/10,6398.557,6383.525,6407.153,6335.616,9972,12729469360
560,2018/1/11,6365.556,6397.109,6415.104,6347.949,10124,12959246760
561,2018/1/12,6396.697,6372.591,6396.95,6345.401,10043,12840036240
562,2018/1/15,6364.508,6244.225,6366.785,6215.73,12848,16195418080
563,2018/1/16,6236.308,6254.7,6286.257,6236.308,14157,17769118160
564,2018/1/17,6250.29,6218.87,6262.436,6159.109,17496,21798650600
565,2018/1/18,6222.591,6251.209,6278.827,6210.298,14788,18536968880
566,2018/1/19,6252.131,6224.869,6291.965,6217.632,14078,17654927600
567,2018/1/22,6245.525,6357.238,6368.198,6210.016,12910,16234662560
568,2018/1/23,6332.105,6332.324,6362.579,6310.173,9852,12490021280
569,2018/1/24,6331.174,6397.399,6418.297,6314.914,13478,17183598240
570,2018/1/25,6390.343,6378.624,6440.82,6374.485,11314,14516797320
571,2018/1/26,6385.051,6388.865,6402.335,6367.631,8962,11453690960
572,2018/1/29,6386.813,6297.888,6423.061,6276.934,12178,15457163320
573,2018/1/30,6292.344,6287.79,6329.234,6276.172,9523,12035660840
574,2018/1/31,6260.367,6166.145,6265.104,6141.642,12635,15673738840
575,2018/2/1,6169.148,5954.491,6195.361,5949.88,15103,18336992440
576,2018/2/2,5940.773,5965.234,5995.075,5821.361,14923,17745795880
577,2018/2/5,5920.655,5955.155,5988.075,5896.922,11091,13211904160
578,2018/2/6,5884.1,5665.401,5907.785,5632.544,16068,18672299200
579,2018/2/7,5780.47,5640.061,5815.487,5583.515,17722,20269859560
580,2018/2/8,5653.738,5721.93,5778.549,5653.738,15382,17678141240
581,2018/2/9,5623.28,5482.525,5651.824,5430.579,18220,20266500760
582,2018/2/12,5534.263,5633.975,5694.033,5534.263,16208,18285539480
583,2018/2/13,5667.298,5683.804,5752.048,5667.298,15102,17282529560
584,2018/2/14,5676.719,5699.856,5707.509,5655.239,11764,13404440760
585,2018/2/22,5761.145,5811.749,5822.992,5729.821,13189,15294304320
586,2018/2/23,5820.544,5825.115,5845.265,5771.735,10394,12079002120
587,2018/2/26,5854.343,5981.86,5990.548,5843.084,12891,15287464720
588,2018/2/27,5973.755,5957.136,6000.172,5942.013,10668,12770975160
589,2018/2/28,5938.649,5957.931,5998.234,5894.454,11539,13769754160
590,2018/3/1,5940.265,6032.026,6046.882,5918.641,12167,14629129720
591,2018/3/2,5988.163,6005.001,6038.527,5975.805,12137,14607496960
592,2018/3/5,6010.928,5987.051,6034.898,5940.158,11199,13440972680
593,2018/3/6,5996.495,6078.241,6081.241,5992.251,12622,15295754640
594,2018/3/7,6059.929,5994.127,6069.319,5987.702,12810,15521355400
595,2018/3/8,6009.897,6058.83,6069.531,6001.209,11718,14205234640
596,2018/3/9,6063.144,6158.444,6165.879,6056.814,13519,16587603280
597,2018/3/12,6189.976,6237.074,6252.477,6184.861,14430,18030356200
598,2018/3/13,6232.151,6193.86,6239.544,6187.936,13928,17388127640
599,2018/3/14,6193.814,6121.584,6204.716,6106.134,16146,19979131480
600,2018/3/15,6105.303,6103.975,6152.056,6036.648,19683,24108796280
601,2018/3/16,6087.281,6058.183,6124.863,6048.131,15977,19585501600
602,2018/3/19,6061.129,6045.434,6122.53,6012.472,11767,14335836160
603,2018/3/20,6004.957,6052.113,6082.298,5974.484,11298,13714728680
604,2018/3/21,6067.087,5990.737,6135.93,5979.586,13021,15914095560
605,2018/3/22,6028.384,5986.91,6062.575,5952.988,13249,16005718040
606,2018/3/23,5838.599,5613.271,5875.414,5587.77,17548,20298119480
607,2018/3/26,5616.631,5795.386,5804.578,5586.892,14632,16794314200
608,2018/3/27,5851.553,5956.564,5960.657,5849.377,14710,17493853920
609,2018/3/28,5898.958,5865.009,5928.756,5845.805,14704,17420101240
610,2018/3/29,5910.307,5962.574,5970.082,5849.852,14209,16871598480
611,2018/3/30,5966.047,6054.249,6057.394,5966.047,12038,14547894520
612,2018/4/2,6062.802,6033.535,6114.076,6020.335,12231,14913885720
613,2018/4/3,5955.826,5978.612,6002.407,5909.451,12742,15259126960
614,2018/4/4,6007.068,5929.231,6038.126,5908.536,12113,14551935920
615,2018/4/9,5938.534,5932.641,6001.914,5877.617,13104,15666409120
616,2018/4/10,5946.636,5998.069,5999.459,5907.344,14498,17354743120
617,2018/4/11,6021.223,6003.673,6050.054,5997.259,12152,14710277160
618,2018/4/12,6000.388,5971.993,6030.626,5953.536,11378,13717614240
619,2018/4/13,5990.421,5955.934,6026.844,5932.802,12773,15360270080
620,2018/4/16,5961.024,5931.596,5998.655,5879.644,13873,16588534200
621,2018/4/17,5938.203,5823.886,5972.233,5797.594,17565,20787718920
622,2018/4/18,5862.788,5887.922,5931.33,5750.474,22269,26173803280
623,2018/4/19,5904.119,5930.507,5994.715,5889.898,19940,23851820600
624,2018/4/20,5921.331,5814.154,5922.672,5784.413,18839,22197073400
625,2018/4/23,5824.355,5763.342,5865.863,5679.869,13632,15740976200
626,2018/4/24,5739.419,5875.987,5898.63,5739.419,13373,15695016800
627,2018/4/25,5864.416,5874.868,5897.782,5849.809,10588,12492190200
628,2018/4/26,5873.136,5773.68,5886.925,5761.531,12155,14197120720
629,2018/4/27,5793.945,5815.897,5818.595,5737.388,12701,14768851920
630,2018/5/2,5826.47,5792.867,5852.045,5749.313,11045,12850578440
631,2018/5/3,5781.618,5855.982,5883.186,5709.693,13861,16124672520
632,2018/5/4,5857.725,5843.885,5883.606,5824.871,11024,12961276240
633,2018/5/7,5857.88,5962.643,5982.806,5853.566,12587,14996911200
634,2018/5/8,5970.595,5987.284,5990.979,5952.754,10211,12254540560
635,2018/5/9,5981.179,5966.787,5998.487,5940.254,8825,10580911600
636,2018/5/10,5970.439,5991.441,6009.505,5928.659,10226,12273382040
637,2018/5/11,5993.439,5949.779,6001.473,5938.052,10808,12951930640
638,2018/5/14,5954.951,5921.353,5972.158,5897.196,11813,14095291320
639,2018/5/15,5927.494,5973.828,5979.335,5904.221,14199,16944903360
640,2018/5/16,5963.229,5963.037,5995.901,5945.659,15790,18929112600
641,2018/5/17,5956.704,5916.991,5966.736,5906.888,17546,20907552800
642,2018/5/18,5910.194,5953.178,5955.84,5868.84,16502,19591633840
643,2018/5/21,6020.864,6042.418,6084.871,6020.864,11561,13951553800
644,2018/5/22,5999.08,6041.417,6047.436,5992.606,9078,10954617280
645,2018/5/23,6035.401,5964.888,6035.401,5885.12,11479,13779867440
646,2018/5/24,5966.294,5939.766,5979.429,5925.009,9577,11433201720
647,2018/5/25,5935.422,5848.587,5939.499,5839.066,11012,12992905720
648,2018/5/28,5857.814,5850.815,5900.802,5810.033,11090,13014441360
649,2018/5/29,5844.776,5765.906,5878.928,5763.529,12192,14248887880
650,2018/5/30,5716.665,5625.354,5719.6,5618.009,14436,16419716840
651,2018/5/31,5659.065,5709.802,5719.462,5623.445,12625,14372837480
652,2018/6/1,5685.2,5631.319,5697.222,5592.346,11908,13485145440
653,2018/6/4,5646.112,5636.29,5659.735,5598.552,12006,13563961040
654,2018/6/5,5637.404,5735.473,5738.569,5637.404,12889,14700174480
655,2018/6/6,5735.997,5729.563,5735.997,5691.502,10966,12576665360
656,2018/6/7,5736.458,5693.768,5759.883,5668.943,12532,14342519200
657,2018/6/8,5680.824,5617.885,5685.517,5569.428,14409,16239362960
658,2018/6/11,5606.783,5594.519,5633.536,5547.292,16528,18568177560
659,2018/6/12,5594.782,5637.286,5655.479,5545.238,18327,20637753360
660,2018/6/13,5619.735,5544.652,5627.246,5540.096,18118,20360936320
661,2018/6/14,5522.602,5526.88,5589.633,5503.941,19843,22114934320
662,2018/6/15,5512.591,5407.12,5535.339,5318.614,20396,22301804720
663,2018/6/19,5366.323,5047.791,5366.323,4949.804,16678,17274793720
664,2018/6/20,4999.697,5099.553,5140.636,4988.817,15128,15390337560
665,2018/6/21,5107.147,4970.747,5154.853,4958.634,16209,16471032360
666,2018/6/22,4957.818,5067.73,5083.814,4924.061,16040,16201935760
667,2018/6/25,5094.042,4989.809,5115.506,4989.809,13378,13618196240
668,2018/6/26,4972.884,5052.25,5093.481,4960.328,15917,16115859200
669,2018/6/27,5056.826,4959.276,5109.826,4953.651,16527,16754779840
670,2018/6/28,4964.27,4964.027,5075.618,4944.15,15993,16122419360
671,2018/6/29,4985.277,5146.291,5166.04,4962.373,17218,17557091520
672,2018/7/2,5140.973,5055.64,5183.462,4994.624,16936,17358825120
673,2018/7/3,5068.686,5101.874,5138.371,4950.408,18763,19060890480
674,2018/7/4,5094.58,5040.08,5108.499,5000.287,15692,15936144520
675,2018/7/5,5027.429,4875.038,5042.744,4874.212,19329,19314752400
676,2018/7/6,4888.378,4901.525,4998.796,4809.923,21163,20940588120
677,2018/7/9,4933.199,5041.626,5044.18,4933.199,15473,15557753880
678,2018/7/10,5044.915,5064.544,5075.678,5002.034,14770,14984986200
679,2018/7/11,4945.066,4956.813,4997.315,4872.655,18995,18882175240
680,2018/7/12,4960.323,5128.527,5138.491,4960.323,20882,21327814600
681,2018/7/13,5126.325,5135.912,5151.953,5099.216,14323,14784683920
682,2018/7/16,5139.26,5139.958,5163.44,5092.475,16985,17524188400
683,2018/7/17,5137.087,5125.097,5138.832,5056.864,19969,20525214080
684,2018/7/18,5133.158,5092.821,5168.106,5084.721,20448,21115770800
685,2018/7/19,5096.098,5044.537,5115.365,5011.421,21486,21898060000
686,2018/7/20,5026.922,5115.301,5134.227,4999.269,21900,22313709640
687,2018/7/23,5100.445,5178.153,5190.295,5090.68,15931,16396723360
688,2018/7/24,5167.96,5272.096,5303.58,5167.96,17692,18636825040
689,2018/7/25,5275.475,5274.382,5308.164,5256.078,12155,12856947240
690,2018/7/26,5273.072,5238.057,5283.25,5216.281,12868,13543163000
691,2018/7/27,5242.107,5206.375,5253.638,5180.279,13254,13881356720
692,2018/7/30,5199.749,5115.334,5219.288,5112.519,14186,14689767000
693,2018/7/31,5120,5128.97,5177.335,5105.073,12695,13092629320
694,2018/8/1,5155.573,5038.002,5210.91,5023.149,16925,17417348440
695,2018/8/2,5034.112,4910.168,5040.913,4802.649,20552,20263126520
696,2018/8/3,4912.887,4840.918,4953.026,4836.09,16464,16182546760
697,2018/8/6,4842.795,4765.548,4872.382,4722.407,18214,17566284160
698,2018/8/7,4782.624,4894.207,4909.413,4731.168,18510,17944899040
699,2018/8/8,4889.309,4814.753,4889.309,4790.207,16426,15996049200
700,2018/8/9,4803.294,4941.661,4990.932,4795.869,20086,19875385000
701,2018/8/10,4945.436,4973.232,4986.707,4928.246,13942,13897510120
702,2018/8/13,4951.237,5004.813,5031.599,4890.233,18977,18905315680
703,2018/8/14,5003.211,4992.08,5008.115,4954.391,18094,18117060560
704,2018/8/15,4987.019,4874.002,4987.019,4846.418,22141,21840107360
705,2018/8/16,4818.724,4814.053,4897.757,4768.559,23878,23226363800
706,2018/8/17,4856.809,4729.582,4882.179,4697.427,20598,19854980160
707,2018/8/20,4741.417,4778.205,4792.066,4680.627,16854,15958821320
708,2018/8/21,4765.807,4802.602,4854.629,4739.264,16549,15932049960
709,2018/8/22,4795.706,4783.379,4805.499,4750.15,13991,13403214400
710,2018/8/23,4777.331,4802.279,4834.833,4722.977,19223,18474232560
711,2018/8/24,4790.014,4784.145,4822.168,4751.523,15026,14427892240
712,2018/8/27,4807.766,4905.841,4919.974,4796.147,15766,15414662360
713,2018/8/28,4913.551,4910.392,4930.92,4884.833,12464,12268521240
714,2018/8/29,4907.321,4889.396,4909.345,4855.584,12711,12446322040
715,2018/8/30,4888.981,4817.258,4894.365,4799.051,14711,14270878880
716,2018/8/31,4794.374,4755.878,4806.993,4729.873,15826,15156430240
717,2018/9/3,4745.714,4790.16,4791.794,4686.42,15965,15180689600
718,2018/9/4,4786.365,4826.543,4863.955,4768.839,15901,15364753920
719,2018/9/5,4820.63,4753.289,4836.651,4751.539,14431,13904671400
720,2018/9/6,4745.52,4733.6,4804.384,4708.318,16158,15452305680
721,2018/9/7,4745.953,4729.372,4831.268,4687.269,19576,18714219400
722,2018/9/10,4725.675,4648.797,4735.116,4638.039,16251,15265686440
723,2018/9/11,4648.517,4655.524,4695.203,4615.855,16814,15710809560
724,2018/9/12,4654.099,4633.863,4686.321,4616.464,17276,16158462000
725,2018/9/13,4686.701,4671.317,4727.393,4593.709,20722,19407852840
726,2018/9/14,4672.841,4609.83,4681.685,4608.985,17184,16042917000
727,2018/9/17,4596.442,4553.196,4596.442,4526.423,18719,17151827840
728,2018/9/18,4540.283,4625.011,4642.151,4527.028,26140,24094358280
729,2018/9/19,4620.935,4674.209,4725.108,4606.832,25868,24318880320
730,2018/9/20,4671.724,4688.607,4718.136,4669.371,20409,19263107800
731,2018/9/21,4692.664,4804.618,4805.577,4673.077,24814,23582136680
732,2018/9/25,4779.425,4775.836,4794.378,4737.201,14223,13576014920
733,2018/9/26,4769.58,4767.637,4819.547,4736.984,17052,16363829360
734,2018/9/27,4769.006,4733.486,4786.522,4716.765,13521,12903333960
735,2018/9/28,4736.979,4791.642,4796.454,4703.68,16199,15452217560
736,2018/10/8,4705.517,4628.483,4712.572,4614.155,15794,14789468560
737,2018/10/9,4632.312,4602.756,4665.58,4585.035,15633,14492881800
738,2018/10/10,4605.282,4063.112,4644.181,3926.218,200664,1.68E+11
739,2018/10/22,4123.856,4126.482,4360.338,4052.051,130885,1.10E+11
740,2018/10/30,4115.444,4231.861,4283.623,4039.17,45765,38391746520
741,2018/11/1,4270.747,4259.154,4353.453,4255.222,23049,19897515640
742,2018/11/2,4374.315,4416.154,4426.339,4327.469,27007,23717826400
743,2018/11/5,4405.509,4411.676,4443.226,4332.249,23273,20481860840
744,2018/11/6,4402.417,4417.737,4424.419,4346.109,19502,17138392640
745,2018/11/7,4418.718,4367.819,4465.173,4365.283,23939,21229725280
746,2018/11/8,4412.329,4349.163,4424.964,4344.687,20387,17925852400
747,2018/11/9,4327.209,4345.988,4377.448,4314.185,18223,15909753480
748,2018/11/12,4345.208,4678.077,4703.521,4331.813,155333,1.42E+11
749,2018/11/20,4616.252,4295.064,4623.4,4257.287,170899,1.51E+11
750,2018/11/30,4288.689,4309.569,4340.555,4220.208,22812,19603913920
751,2018/12/3,4464.542,4455.644,4507.896,4404.59,28382,25406262720
752,2018/12/4,4446.099,4496.738,4510.063,4436.513,28928,25935852720
753,2018/12/5,4411.924,4452.594,4507.016,4409.096,36576,32681465320
754,2018/12/6,4415.838,4370.721,4442.952,4355.847,35838,31566820160
755,2018/12/7,4389.923,4367.542,4401.327,4363.902,25097,22038982640
756,2018/12/10,4337.832,4199.817,4449.949,4198.122,289565,2.51E+11
757,2018/12/20,4191.92,4098.609,4257.356,4066.311,263475,2.21E+11
758,2019/1/2,4106.978,4074.292,4124.77,4064.031,28986,23812301320
759,2019/1/3,4075.885,4062.054,4144.576,4053.361,33778,27708212960
760,2019/1/4,4037.593,4182.895,4183.722,4032.937,40169,33173842480
761,2019/1/7,4189.962,4243.531,4267.273,4169.971,38643,32756049120
762,2019/1/8,4237.847,4242.114,4256.623,4221.173,28539,24305675680
763,2019/1/9,4258.842,4244.985,4334.047,4238.329,42310,36417901960
764,2019/1/10,4244.855,4249.593,4296.12,4234.813,34963,29938338520
765,2019/1/11,4287.422,4283.517,4290.957,4223.031,38376,32846773880
766,2019/1/14,4282.379,4262.509,4302.211,4246.904,33110,28362173280
767,2019/1/15,4263.828,4328.879,4335.353,4235.379,46495,39986677760
768,2019/1/16,4323.313,4316.014,4347.043,4301.98,39245,34028133360
769,2019/1/17,4312.186,4280.081,4327.197,4271.02,49049,42274102320
770,2019/1/18,4291.69,4325.893,4335.821,4268.477,51528,44451266200
771,2019/1/21,4352.439,4361.183,4404.838,4338.638,35972,31374595520
772,2019/1/22,4344.989,4277.071,4344.989,4256.567,32358,27882986480
773,2019/1/23,4268.758,4283.772,4301.714,4259.062,29210,25067386800
774,2019/1/24,4285.508,4316.828,4353.063,4255.715,38408,33174641040
775,2019/1/25,4324.661,4295.222,4348.797,4293.308,35761,30967011000
776,2019/1/28,4322.337,4276.804,4364.853,4272.761,34623,29950977840
777,2019/1/29,4271.942,4226.072,4275.181,4161.589,43450,36733240120
778,2019/1/30,4208.255,4182.666,4251.012,4182.174,33779,28563687760
779,2019/1/31,4188.137,4164.245,4226.97,4118.196,41152,34474399680
780,2019/2/1,4177.032,4298.191,4300.138,4177.032,45477,38628390440
781,2019/2/11,4302.036,4393.683,4399.002,4300.184,37196,32390555360
782,2019/2/12,4396.945,4420.512,4449.852,4386.806,39828,35253059320
783,2019/2/13,4428.931,4500.485,4524.087,4414.226,47659,42642691320
784,2019/2/14,4495.241,4526.236,4552.071,4485.17,41173,37200676600
785,2019/2/15,4517.69,4493.133,4540.819,4483.728,41247,37306362920
786,2019/2/18,4558.831,4705.186,4714.155,4558.831,40535,37353574880
787,2019/2/19,4682.559,4651.239,4710.12,4605.742,51138,47714273720
788,2019/2/20,4668.572,4642.577,4673.316,4609.496,42651,39661450480
789,2019/2/21,4640.709,4649.835,4749.197,4625.227,55374,51865611840
790,2019/2/22,4641.852,4793.695,4796.281,4638.446,53494,50329448080
791,2019/2/25,4859.874,5122.623,5132.944,4829.711,72861,72168985040
792,2019/2/26,5105.111,5062.537,5172.126,5027.374,72311,73619845720
793,2019/2/27,5079.053,5011.198,5105.245,4965.076,65247,66028839360
794,2019/2/28,5018.652,5028.473,5079.543,4995.993,55311,55750412080
795,2019/3/1,5062.414,5071.51,5078.768,4971.078,64054,64382287480
796,2019/3/4,5111.908,5133.199,5251.385,5088.081,72266,74761402160
797,2019/3/5,5134.447,5286.862,5292.738,5130.803,67797,70663264800
798,2019/3/6,5309.658,5388.904,5403.264,5233.35,80130,85217793000
799,2019/3/7,5380.276,5427.823,5518.488,5346.264,83736,90678447600
800,2019/3/8,5310.134,5284.835,5462.388,5246.691,103890,1.11E+11
801,2019/3/11,5320.329,5438.904,5451.659,5284.412,84350,90665477240
802,2019/3/12,5485.791,5532.469,5586.558,5449.334,96063,1.06E+11
803,2019/3/13,5531.182,5383.963,5533.281,5340.367,108927,1.19E+11
804,2019/3/14,5364.642,5270.479,5392.165,5231.344,95375,1.01E+11
805,2019/3/15,5302.529,5322.76,5413.545,5275.248,99662,1.06E+11
806,2019/3/18,5369.572,5524.575,5526.631,5317.274,74486,80360169080
807,2019/3/19,5488.183,5469.359,5519.029,5438.812,65092,71421225160
808,2019/3/20,5461.388,5450.025,5484.044,5332.598,76216,82747090040
809,2019/3/21,5463.255,5519.956,5604.351,5463.255,86460,96047030000
810,2019/3/22,5532.879,5590.842,5591.811,5451.133,77708,86103736680
811,2019/3/25,5496.61,5494.265,5573.277,5483.635,77079,85432894640
812,2019/3/26,5531.291,5334.977,5537.008,5321.914,79239,86004559560
813,2019/3/27,5363.205,5367.748,5390.233,5290.025,73241,78502858360
814,2019/3/28,5352.089,5295.769,5422.158,5289.073,75972,81593560160
815,2019/3/29,5310.128,5512.416,5532.233,5300.752,86341,93745064320
816,2019/4/1,5554.171,5749.671,5751.332,5554.171,80578,91867814400
817,2019/4/2,5778.703,5730.318,5810.524,5705.747,70637,81613351840
818,2019/4/3,5698.471,5812.842,5835.869,5698.067,68841,79469091880
819,2019/4/4,5839.43,5866.98,5881.574,5775.621,73082,85379143880
820,2019/4/8,5917.546,5778.241,5917.731,5720.852,80565,93854242680
821,2019/4/9,5774.485,5813.467,5839.891,5752.612,69928,81250903280
822,2019/4/10,5789.652,5795.517,5877.039,5727.124,81692,94775211520
823,2019/4/11,5802.075,5695.206,5813.826,5677.252,74159,85358474040
824,2019/4/12,5694.334,5674.812,5711.47,5628.462,63863,72647620480
825,2019/4/15,5760.623,5570.23,5778.938,5556.078,85003,96955042640
826,2019/4/16,5554.976,5726.83,5731.666,5515.776,86596,97581346800
827,2019/4/17,5736.91,5732.666,5790.805,5694.594,80628,92817460720
828,2019/4/18,5734.685,5704.876,5747.785,5684.586,66768,76662185000
829,2019/4/19,5697.865,5750.73,5753.744,5614.213,83298,95000602200
830,2019/4/22,5783.41,5671.107,5783.528,5623.898,76197,86540120720
831,2019/4/23,5637.888,5524.157,5643.693,5515.958,82912,92741228640
832,2019/4/24,5544.509,5600.572,5636.11,5484.955,92307,1.03E+11
833,2019/4/25,5592.095,5384.325,5598.83,5371.547,94135,1.04E+11
834,2019/4/26,5372.454,5350.515,5450.065,5347.567,96978,1.05E+11
835,2019/4/29,5366.187,5233.55,5371.976,5203.268,112119,1.19E+11
836,2019/4/30,5228.734,5241.874,5314.653,5198.881,100910,1.06E+11
837,2019/5/6,5093.674,4777.325,5093.674,4722.474,126654,1.25E+11
838,2019/5/7,4842.132,4868.892,4925.628,4803.359,124661,1.22E+11
839,2019/5/8,4790.891,4834.543,4967.413,4776.233,114987,1.13E+11
840,2019/5/9,4798.379,4803.418,4884.598,4773.063,111459,1.08E+11
841,2019/5/10,4879.805,4974.95,5008.065,4734.687,150214,1.48E+11
842,2019/5/13,4921.781,4884.736,4962.72,4864.328,88366,87114450080
843,2019/5/14,4869.571,4874.819,4930.692,4839.226,117443,1.16E+11
844,2019/5/15,4915.711,4972.023,5003.234,4896.282,107729,1.07E+11
845,2019/5/16,4950.894,4996.218,5006.73,4945.428,92636,92640179640
846,2019/5/17,4987.547,4826.273,5006.097,4802.042,117684,1.16E+11
847,2019/5/20,4831.527,4816.749,4845.519,4721.872,95726,91486787000
848,2019/5/21,4809.526,4870.219,4933.395,4791.886,100378,98094346440
849,2019/5/22,4867.32,4851.699,4887.468,4790.703,88261,85850896120
850,2019/5/23,4832.76,4748.2,4838.622,4725.426,90291,86602563240
851,2019/5/24,4753.37,4732.957,4777.787,4713.654,87153,83079735240
852,2019/5/27,4736.552,4865.177,4895.888,4710.627,99610,96201295640
853,2019/5/28,4867.278,4847.065,4902.385,4830.238,81993,80187067280
854,2019/5/29,4831.533,4823.062,4885.83,4813.251,82880,80758315520
855,2019/5/30,4821.683,4822.256,4822.892,4719.149,96777,92818956280
856,2019/5/31,4810.899,4758.349,4874.122,4744.839,96791,93567690520
857,2019/6/3,4799.947,4732.812,4832.479,4686.634,100633,96210920880
858,2019/6/4,4730.37,4694.087,4743.978,4662.147,81751,77394057480
859,2019/6/5,4726.671,4663.601,4739.051,4662.384,84502,80060816160
860,2019/6/6,4658.173,4552.991,4666.606,4549.685,98296,91098694040
861,2019/6/10,4580.045,4594.675,4653.124,4542.646,100523,93267404760
862,2019/6/11,4602.178,4816.516,4820.918,4602.178,120109,1.15E+11
863,2019/6/12,4801.712,4746.097,4811.2,4731.414,95618,91812009760
864,2019/6/13,4736.988,4754.278,4779.634,4703.882,101267,97001715760
865,2019/6/14,4758.43,4681.608,4774.208,4657.564,89111,84917464680
866,2019/6/17,4673.524,4693.853,4721.413,4660.314,89917,85366180640
867,2019/6/18,4691.052,4688.302,4718.054,4648.193,97176,92138839760
868,2019/6/19,4809.439,4756.903,4856.662,4752.728,122553,1.19E+11
869,2019/6/20,4747.976,4866.927,4929.575,4734.829,143176,1.40E+11
870,2019/6/21,4929.17,4936.558,4994.463,4917.279,125646,1.25E+11
871,2019/6/24,4958.373,4947.75,4969.954,4912.977,68017,67365419400
872,2019/6/25,4914.485,4868.92,4920.553,4793.688,94078,91872904720
873,2019/6/26,4839.899,4863.411,4899.138,4835.164,68609,67251850440
874,2019/6/27,4881.355,4900.143,4951.264,4868.183,94338,93274772280
875,2019/6/28,4896.477,4865.06,4900.272,4814.932,83152,81233217600
876,2019/7/1,4975.215,4994.694,5023.899,4918.519,97303,97578142440
877,2019/7/2,4984.768,4975.229,5001.311,4959.208,64372,64602691640
878,2019/7/3,4954.819,4944.787,4954.838,4922.231,66806,66456362800
879,2019/7/4,4947.221,4924.741,4978.722,4892.187,73642,73325154600
880,2019/7/5,4925.915,4957.776,4969.793,4907.349,65913,65629803160
881,2019/7/8,4936.819,4753.102,4936.819,4744.51,95847,92790785280
882,2019/7/9,4762.379,4757.881,4785.919,4733.434,66567,63942490960
883,2019/7/10,4772.587,4738.268,4788.277,4721.931,61515,58978157400
884,2019/7/11,4756.098,4731.437,4812.495,4701.874,88043,84619457560
885,2019/7/12,4734.764,4773.303,4786.808,4722.218,81803,78634916080
886,2019/7/15,4747.672,4830.633,4875.318,4673.114,120468,1.16E+11
887,2019/7/16,4820.024,4846.329,4858.745,4819.146,75922,74189001440
888,2019/7/17,4834.093,4829.007,4866.776,4822.761,89214,87312320200
889,2019/7/18,4798.092,4757.966,4806.32,4756.012,95678,92204310160
890,2019/7/19,4768.583,4781.128,4839.886,4762.011,97689,94382265400
891,2019/7/22,4808.621,4707.004,4823.589,4677.335,89193,84477647040
892,2019/7/23,4690.655,4725.998,4738.079,4682.335,65554,62185704600
893,2019/7/24,4745.601,4767.875,4815.4,4745.601,81254,78284123800
894,2019/7/25,4773.808,4795.366,4809.711,4762.48,66627,64191700800
895,2019/7/26,4780.902,4805.532,4813.187,4761.379,66819,64392137600
896,2019/7/29,4803.457,4788.569,4822.183,4761.059,60353,58174800640
897,2019/7/30,4796.059,4824.682,4872.152,4789.818,83122,80930977320
898,2019/7/31,4815.095,4816.796,4834.203,4798.637,63200,61292902200
899,2019/8/1,4792.952,4782.153,4815.393,4759.386,68035,65490334840
900,2019/8/2,4681.006,4720.491,4724.882,4661.444,73674,69719255200
901,2019/8/5,4695.768,4667.243,4743.401,4661.318,77048,72971091040
902,2019/8/6,4587.815,4567.066,4614.576,4485.558,108347,99395312400
903,2019/8/7,4593,4534.063,4597.539,4532.244,69786,64116453440
904,2019/8/8,4560.141,4553.12,4575.969,4541.516,67837,62262967280
905,2019/8/9,4575.56,4501.301,4588.999,4489.327,80603,73754471960
906,2019/8/12,4511.498,4595.006,4599.708,4499.4,88640,81155514440
907,2019/8/13,4570.356,4569.338,4576.968,4539.154,72429,66626803400
908,2019/8/14,4616.857,4594.913,4654.862,4591.84,84386,78661405120
909,2019/8/15,4514.712,4627.312,4639.597,4508.534,106317,97908694840
910,2019/8/16,4621.128,4635.493,4673.034,4616.371,93330,87243774640
911,2019/8/19,4720.38,4853.515,4854.513,4713.125,98031,93520757920
912,2019/8/20,4807.679,4791.782,4851.061,4787.28,79112,76478904320
913,2019/8/21,4786.152,4799.488,4817,4776.808,59598,57444094040
914,2019/8/22,4808.469,4793.615,4812.854,4760.191,69991,67306953120
915,2019/8/23,4797.017,4797.258,4824.57,4769.048,77814,75071709120
916,2019/8/26,4718.559,4768.662,4782.483,4716.373,82871,79222963600
917,2019/8/27,4790.785,4828.073,4917.927,4787.661,104890,1.02E+11
918,2019/8/28,4838.594,4838.609,4863.8,4824.407,60790,59218588360
919,2019/8/29,4848.8,4842.292,4870.757,4818.907,70407,68609001800
920,2019/8/30,4874.759,4809.553,4897.798,4766.261,90625,88128502880
921,2019/9/2,4812.52,4928.631,4958.93,4801.171,103466,1.02E+11
922,2019/9/3,4943.897,4952.979,4958.291,4915.317,69649,69203511200
923,2019/9/4,4946.853,5045.567,5046.408,4939.619,100197,1.00E+11
924,2019/9/5,5075.909,5081.453,5168.522,5070.014,128944,1.32E+11
925,2019/9/6,5109.328,5105.95,5122.921,5062.83,85935,87960506800
926,2019/9/9,5137.212,5201.626,5203.766,5108.622,97227,1.01E+11
927,2019/9/10,5197.676,5188.316,5207.829,5146.534,89606,93229520160
928,2019/9/11,5203.607,5169.689,5224.122,5145.657,104731,1.09E+11
929,2019/9/12,5189.787,5195.181,5221.83,5145.055,91617,95340575640
930,2019/9/16,5207.656,5182.671,5231.192,5158.228,101917,1.06E+11
931,2019/9/17,5170.019,5069.239,5170.624,5058.778,110346,1.13E+11
932,2019/9/18,5083.077,5069.049,5098.707,5062.799,86609,88558212440
933,2019/9/19,5072.726,5113.065,5114.857,5051.15,103818,1.06E+11
934,2019/9/20,5120.086,5112.082,5145.912,5100.206,100449,1.03E+11
935,2019/9/23,5107.215,5106.637,5115.383,5043.797,86268,87663164080
936,2019/9/24,5088.746,5076.822,5178.325,5071.376,105606,1.09E+11
937,2019/9/25,5064.06,4996.664,5064.06,4994.464,91588,92638665680
938,2019/9/26,5017.465,4904.774,5023.047,4901.451,98759,98498177520
939,2019/9/27,4914.359,4930.763,4965.407,4911.293,77574,77084636600
940,2019/9/30,4928.154,4838.585,4953.906,4836.211,80725,79719493240
941,2019/10/8,4862.918,4866.677,4927.857,4862.532,76050,74916013480
942,2019/10/9,4850.496,4904.882,4920.369,4831.666,84155,82653568600
943,2019/10/10,4904.619,4861.36,5096.834,4837.06,670228,6.72E+11
944,2019/10/21,4877.134,4933.788,5004.92,4824.918,562610,5.54E+11
945,2019/10/30,4911.399,4847.648,4915.374,4835.189,151616,1.49E+11
946,2019/11/1,4839.176,4900.497,4904.617,4820.001,82663,81036079840
947,2019/11/4,4917.051,4907.96,4948.347,4899.323,75719,74970054000
948,2019/11/5,4915.579,4946.754,4979.335,4893.107,91420,90833362520
949,2019/11/6,4946.439,4902.217,4957.677,4871,82444,81509168360
950,2019/11/7,4892.937,4932.884,4957.269,4888.458,102054,1.01E+11
951,2019/11/8,4972.413,4915.485,4992.368,4911.661,100409,1.00E+11
952,2019/11/11,4889.139,4899.821,4904.591,4750.613,626063,6.06E+11
953,2019/11/20,4895.612,4832.637,4956.465,4775.238,693325,6.75E+11
954,2019/12/2,4844.808,4846.964,4873.93,4821.92,77907,75895556440
955,2019/12/3,4833.076,4874.7,4875.441,4802.642,85899,83476086640
956,2019/12/4,4857.077,4863.419,4882.622,4839.796,83962,81947797400
957,2019/12/5,4872.896,4908.417,4926.757,4862.592,91983,90540272560
958,2019/12/6,4914.257,4969.035,4970.62,4901.116,85193,84341776840
959,2019/12/9,4980.251,4980.312,5003.248,4959.488,84302,84251400120
960,2019/12/10,4960.157,5222.973,5256.085,4956.275,772325,7.90E+11
961,2019/12/20,5228.068,5125.144,5244.034,5028.876,583846,6.02E+11
962,2019/12/30,5109.482,5236.563,5246.104,5074.636,190260,1.98E+11
963,2020/1/2,5270.722,5334.712,5358.237,5253.746,97640,1.04E+11
964,2020/1/3,5345.412,5350.137,5373.458,5331.438,78878,84611450560
965,2020/1/6,5324.799,5408.035,5468.046,5324.799,114538,1.24E+11
966,2020/1/7,5418.649,5477.63,5483.039,5412.504,96886,1.06E+11
967,2020/1/8,5449.923,5407.87,5481.005,5379.397,116448,1.27E+11
968,2020/1/9,5454.131,5467.077,5474.745,5422.451,103744,1.13E+11
969,2020/1/10,5486.303,5436.395,5492.901,5414.938,97294,1.06E+11
970,2020/1/13,5438.248,5543.09,5543.483,5400.619,117018,1.28E+11
971,2020/1/14,5561.629,5512.259,5564.761,5508.84,95851,1.06E+11
972,2020/1/15,5500.309,5498.407,5521.795,5457.001,106405,1.17E+11
973,2020/1/16,5504.974,5514.555,5526.543,5487.556,100092,1.11E+11
974,2020/1/17,5529.183,5479.551,5538.551,5466.789,117677,1.30E+11
975,2020/1/20,5489.558,5571.489,5572.46,5470.003,90178,99910103200
976,2020/1/21,5546.801,5484.765,5554.375,5464.295,105623,1.17E+11
977,2020/1/22,5461.065,5548.806,5573.513,5384.105,125458,1.38E+11
978,2020/1/23,5489.178,5305.272,5511.236,5265.961,152178,1.65E+11
979,2020/2/3,4775.026,4770.931,4860.592,4770.931,93722,90347881400
980,2020/2/4,4806.565,4914.996,4955.404,4789.863,135128,1.32E+11
981,2020/2/5,4951.302,5018.228,5089.056,4944.888,139506,1.41E+11
982,2020/2/6,5033.718,5197.175,5218.672,5000.185,150949,1.55E+11
983,2020/2/7,5170.746,5240.159,5241.826,5142.206,137111,1.43E+11
984,2020/2/10,5215.616,5259.593,5363.617,5195.839,119990,1.26E+11
985,2020/2/11,5274.304,5254.31,5293.178,5225.816,111478,1.18E+11
986,2020/2/12,5244.219,5370.63,5370.858,5240.297,121514,1.30E+11
987,2020/2/13,5361.327,5325.032,5384.707,5307.392,127027,1.36E+11
988,2020/2/14,5329.622,5349.769,5397.751,5307.114,128129,1.38E+11
989,2020/2/17,5379.062,5556.598,5560.52,5375.122,135620,1.49E+11
990,2020/2/18,5554.588,5571.293,5598.255,5511.084,145492,1.62E+11
991,2020/2/19,5563.985,5544.744,5598.614,5531.843,125260,1.40E+11
992,2020/2/20,5560.563,5638.252,5666.257,5515.38,157626,1.77E+11
993,2020/2/21,5631.988,5734.862,5759.126,5630.094,159652,1.82E+11
994,2020/2/24,5712.658,5758.625,5803.025,5658.526,144417,1.66E+11
995,2020/2/25,5707.948,5806.414,5820.685,5572.303,203357,2.33E+11
996,2020/2/26,5750.339,5667.523,5768.421,5637.372,204206,2.34E+11
997,2020/2/27,5686.004,5658.973,5717.426,5621.67,162802,1.86E+11
998,2020/2/28,5492.224,5330.579,5556.061,5315.322,218845,2.38E+11
999,2020/3/2,5409.823,5542.08,5600.588,5409.823,181765,2.01E+11
1000,2020/3/3,5643.488,5563.506,5730.073,5542.573,179794,2.04E+11
1001,2020/3/4,5561.2,5596.231,5616.795,5481.569,157430,1.76E+11
1002,2020/3/5,5676.205,5664.557,5701.554,5593.212,166969,1.90E+11
1003,2020/3/6,5622.418,5610.427,5655.794,5591.738,140347,1.59E+11
1004,2020/3/9,5515.134,5384.4,5530.049,5357.469,175064,1.91E+11
1005,2020/3/10,5433.827,5565.007,5575.849,5330.55,213847,2.35E+11
1006,2020/3/11,5574.597,5446.832,5582.851,5446.523,158059,1.76E+11
1007,2020/3/12,5383.153,5393.551,5415.889,5299.664,169518,1.83E+11
1008,2020/3/13,5125.57,5371.349,5417.823,5104.15,223362,2.37E+11
1009,2020/3/16,5348.751,5065.578,5363.755,5051.617,190416,2.00E+11
1010,2020/3/17,5180.4,5073.239,5206.382,4968.002,212147,2.17E+11
1011,2020/3/18,5100.974,4973.142,5220.76,4963.863,218015,2.25E+11
1012,2020/3/19,5001.915,5041.241,5072.733,4894.349,238473,2.40E+11
1013,2020/3/20,5098.157,5092.228,5108.919,4999.593,191920,1.96E+11
1014,2020/3/23,4924.282,4883.228,4995.631,4851.635,164921,1.64E+11
1015,2020/3/24,4984.862,4953.007,5011.625,4858.551,185248,1.85E+11
1016,2020/3/25,5051.169,5065.384,5100.84,5021.183,152591,1.56E+11
1017,2020/3/26,5029.017,5005.405,5074.016,4996.372,133473,1.36E+11
1018,2020/3/27,5065.039,4974.24,5091.069,4974.24,158456,1.61E+11
1019,2020/3/30,4931.906,4898.347,4952.349,4834.73,152257,1.50E+11
1020,2020/3/31,4944.981,4883.779,4962.898,4873.547,133185,1.32E+11
1021,2020/4/1,4883.869,4877.321,4985.89,4863.461,150892,1.50E+11
1022,2020/4/2,4872.125,5053.098,5056.374,4872.125,161194,1.61E+11
1023,2020/4/3,5026.837,4985.883,5036.741,4955.71,130612,1.32E+11
1024,2020/4/7,5082.589,5134.422,5160.278,5082.185,129912,1.34E+11
1025,2020/4/8,5110.007,5147.214,5170.319,5108.757,112051,1.16E+11
1026,2020/4/9,5174.252,5186.26,5210.382,5165.839,117004,1.22E+11
1027,2020/4/10,5185.577,5110.795,5188.454,5081.087,136113,1.41E+11
1028,2020/4/13,5073.695,5055.246,5093.866,5035.266,113651,1.16E+11
1029,2020/4/14,5089.363,5170.674,5178.542,5086.566,131356,1.36E+11
1030,2020/4/15,5172.583,5152.194,5201.623,5150.372,120043,1.25E+11
1031,2020/4/16,5130.515,5198.177,5220.099,5125.743,160837,1.68E+11
1032,2020/4/17,5243.006,5198.454,5272.566,5182.028,159022,1.68E+11
1033,2020/4/20,5193.091,5222.744,5231.585,5181.129,96999,1.02E+11
1034,2020/4/21,5201.959,5168.586,5203.731,5097.337,127185,1.32E+11
1035,2020/4/22,5132.258,5230.12,5230.778,5128.398,124168,1.30E+11
1036,2020/4/23,5226.889,5192.707,5239.144,5175.226,112486,1.18E+11
1037,2020/4/24,5178.66,5131.839,5188.642,5105.774,115295,1.20E+11
1038,2020/4/27,5137.326,5121.589,5175.699,5109.101,107457,1.12E+11
1039,2020/4/28,5124.52,5081.18,5130.181,4986.753,149067,1.52E+11
1040,2020/4/29,5072.864,5105.967,5133.233,5072.864,107314,1.11E+11
1041,2020/4/30,5148.02,5251.613,5266.68,5147.09,131028,1.38E+11
1042,2020/5/6,5220.195,5325.525,5344.122,5216.214,120325,1.28E+11
1043,2020/5/7,5329.616,5310.236,5342.331,5288.087,107079,1.15E+11
1044,2020/5/8,5351.244,5384.749,5415.148,5334.54,126200,1.37E+11
1045,2020/5/11,5406.581,5367.672,5439.264,5350.048,118148,1.28E+11
1046,2020/5/12,5363.376,5377.25,5393.256,5325.957,124299,1.35E+11
1047,2020/5/13,5359.105,5401.898,5413.054,5350.281,113034,1.23E+11
1048,2020/5/14,5375.423,5366.158,5387.802,5345.517,129152,1.40E+11
1049,2020/5/15,5379.674,5355.401,5413.143,5350.628,138830,1.51E+11
1050,2020/5/18,5360.848,5320.948,5379.447,5303.998,117443,1.26E+11
1051,2020/5/19,5366.276,5383.2,5396.405,5350.322,103696,1.12E+11
1052,2020/5/20,5376.538,5336.62,5381.371,5319.715,92505,99730131800
1053,2020/5/21,5352.355,5268.943,5354.748,5264.537,102156,1.09E+11
1054,2020/5/22,5266.454,5196.59,5280.996,5180.502,125778,1.32E+11
1055,2020/5/25,5196.218,5183.652,5224.555,5165.241,98197,1.03E+11
1056,2020/5/26,5206.425,5268.279,5279.501,5201.343,100912,1.07E+11
1057,2020/5/27,5267.001,5225.477,5270.787,5203.958,100413,1.06E+11
1058,2020/5/28,5217.241,5204.863,5251.167,5147.822,122301,1.28E+11
1059,2020/5/29,5192.5,5240.919,5267.128,5180.442,106121,1.12E+11
1060,2020/6/1,5298.662,5443.019,5450.696,5298.662,129569,1.41E+11
1061,2020/6/2,5462.889,5438.098,5468.755,5412.093,93918,1.03E+11
1062,2020/6/3,5452.527,5422.812,5479.532,5420.91,100012,1.10E+11
1063,2020/6/4,5444.485,5426.164,5451.644,5398.06,89357,97900391240
1064,2020/6/5,5435.741,5441.639,5443.2,5395.492,96341,1.06E+11
1065,2020/6/8,5474.396,5423.024,5489.043,5411.375,93294,1.03E+11
1066,2020/6/9,5426.467,5449.291,5465.412,5408.18,106276,1.17E+11
1067,2020/6/10,5451.108,5448.076,5456.686,5414.833,92417,1.02E+11
1068,2020/6/11,5429.17,5433.951,5515.321,5399.006,149030,1.65E+11
1069,2020/6/12,5380.138,5465.942,5494.573,5361.272,146939,1.61E+11
1070,2020/6/15,5446.239,5425.669,5502.077,5425.233,141380,1.56E+11
1071,2020/6/16,5479.306,5542.001,5542.86,5472.028,131050,1.46E+11
1072,2020/6/17,5539.459,5553.383,5558.623,5508.657,113860,1.28E+11
1073,2020/6/18,5535.527,5578.25,5578.985,5527.991,132237,1.49E+11
1074,2020/6/19,5554.056,5629.022,5652.511,5550.765,143002,1.62E+11
1075,2020/6/22,5625.799,5620.75,5673.359,5617.837,102508,1.17E+11
1076,2020/6/23,5609.714,5636.643,5646.73,5579.478,99718,1.13E+11
1077,2020/6/24,5647.06,5646.559,5664.68,5608.972,85017,96808423840
1078,2020/6/29,5628.076,5606.393,5634.29,5567.179,92194,1.04E+11
1079,2020/6/30,5635.972,5702.818,5741.552,5634.804,122406,1.41E+11
1080,2020/7/1,5730.271,5726.855,5733.723,5665.863,118266,1.36E+11
1081,2020/7/2,5729.62,5868.452,5886.415,5711.756,139196,1.63E+11
1082,2020/7/3,5892.093,5960.317,5969.139,5885.757,140344,1.67E+11
1083,2020/7/6,6015.786,6263.437,6361.124,6013.694,176354,2.19E+11
