date,open,high,low,close,volume,amount
2015-01-05,12.1300,12.4400,12.0400,12.3900,12078161,148219898.0000
2015-01-06,12.3000,12.7300,12.2400,12.6900,15616528,195833393.0000
2015-01-07,12.6300,12.7200,12.4300,12.5000,8764564,109794932.0000
2015-01-08,12.5800,12.7000,12.4800,12.5000,9123926,114901616.0000
2015-01-09,12.5800,12.8300,12.3900,12.4100,14743827,186505662.0000
2015-01-12,12.3400,12.6000,12.2500,12.4500,7604074,95066920.0000
2015-01-13,12.5200,13.2800,12.4500,13.0500,24835791,320797296.0000
2015-01-14,13.2800,13.7600,12.9900,13.1800,37389847,502264688.0000
2015-01-15,12.9100,13.1500,12.8800,13.0600,13658896,177456452.0000
2015-01-16,13.1000,13.6800,12.9600,13.4100,24124828,321573184.0000
2015-01-19,13.0200,13.6900,12.7000,13.0800,25291387,337212224.0000
2015-01-20,13.1600,13.9900,13.1600,13.9500,41927134,574477712.0000
2015-01-21,13.9500,14.3200,13.7400,14.1000,36133540,505917920.0000
2015-01-22,14.0900,14.1800,13.9100,14.0800,19491088,274209648.0000
2015-01-23,14.1300,14.1500,13.6000,13.6300,22367009,309046640.0000
2015-01-26,13.6700,14.1200,13.6700,14.0000,17980156,251235391.0000
2015-01-27,14.0000,14.1400,13.6900,13.9200,16837955,234083997.0000
2015-01-28,13.8800,13.9000,13.6600,13.7000,16375828,225360737.0000
2015-01-29,13.8000,13.9400,13.7000,13.7300,14482599,200035028.0000
2015-01-30,13.6100,13.7900,13.3300,13.3300,14650650,197732340.0000
2015-02-02,13.2700,13.6300,13.2200,13.4800,9069788,122110513.0000
2015-02-03,13.5000,13.9800,13.4500,13.8000,18443812,254661523.0000
2015-02-04,13.8100,13.9600,13.7000,13.8000,14178620,196315492.0000
2015-02-05,13.9000,14.7700,13.7800,14.3100,51993816,745522864.0000
2015-02-06,14.4700,14.9100,14.3200,14.6500,48649110,714300176.0000
2015-02-09,14.5800,15.6200,14.5100,15.1100,52659186,798383504.0000
2015-02-10,15.0000,15.4500,14.6300,15.3100,29313152,440938272.0000
2015-02-11,15.3800,15.9800,15.2600,15.4000,46986362,733509376.0000
2015-02-12,15.6100,16.1600,15.4100,15.9600,44661270,708650128.0000
2015-02-13,16.0800,16.1800,15.6200,15.7700,39878826,631124272.0000
2015-02-16,15.8800,16.0600,15.6000,15.8900,38054711,602861024.0000
2015-02-17,15.8000,16.0900,15.5200,16.0300,32949955,519428816.0000
2015-02-25,16.7500,17.4500,16.1000,16.2200,54711065,912376208.0000
2015-02-26,16.0600,16.0700,15.6800,15.9400,33545621,531681552.0000
2015-02-27,15.9600,16.8600,15.9500,16.6000,37298382,614913088.0000
2015-03-02,16.7400,17.2000,16.5000,16.7100,32958029,552451568.0000
2015-03-03,16.6000,16.8000,16.2100,16.3900,28013650,461659776.0000
2015-03-04,16.4300,16.8800,16.3500,16.8600,25289708,419929216.0000
2015-03-05,16.8400,17.1300,16.3700,16.6200,28882683,484494160.0000
2015-03-06,16.6300,16.7000,15.8000,15.8900,31388457,509252752.0000
2015-03-09,15.7000,16.3200,15.5500,16.1200,18904725,303577920.0000
2015-03-10,16.1800,17.7300,16.1600,17.7300,47721417,824093904.0000
2015-03-11,18.1000,18.6600,17.7100,18.2100,55181043,1005793536.0000
2015-03-12,18.3000,18.5000,17.8600,18.4900,29276066,530651824.0000
2015-03-13,18.4900,19.4100,18.4200,18.5500,32485154,611267504.0000
2015-03-16,18.6000,20.1000,18.6000,19.6700,42689369,835662880.0000
2015-03-17,19.5100,20.0500,19.0000,19.3100,35759988,696620720.0000
2015-03-18,19.5000,19.6600,19.1700,19.4600,24288351,471432048.0000
2015-03-19,19.6600,20.3900,18.8500,20.3900,48753799,949332640.0000
2015-03-20,20.7400,21.3800,20.4400,20.7000,56625725,1177135280.0000
2015-03-23,21.0100,22.1000,20.8000,21.7900,49924720,1082449088.0000
2015-03-24,22.1000,22.2700,20.9000,22.0100,51057688,1113410240.0000
2015-03-25,21.9000,22.0800,21.4000,21.6700,33650050,729190080.0000
2015-03-26,21.2000,21.8000,20.2300,20.6100,43437648,910303184.0000
2015-03-27,20.7200,21.3700,20.4500,21.2500,25584483,535420112.0000
2015-03-30,21.2500,21.2500,21.2500,21.2500,0,0.0000
2015-03-31,21.2500,21.2500,21.2500,21.2500,0,0.0000
2015-04-01,21.2500,21.2500,21.2500,21.2500,0,0.0000
2015-04-02,21.2500,21.2500,21.2500,21.2500,0,0.0000
2015-04-03,21.2500,21.2500,21.2500,21.2500,0,0.0000
2015-04-07,21.2500,21.2500,21.2500,21.2500,0,0.0000
2015-04-08,21.2500,21.2500,21.2500,21.2500,0,0.0000
2015-04-09,21.2500,21.2500,21.2500,21.2500,0,0.0000
2015-04-10,21.2500,21.2500,21.2500,21.2500,0,0.0000
2015-04-13,21.2500,21.2500,21.2500,21.2500,0,0.0000
2015-04-14,21.2500,21.2500,21.2500,21.2500,0,0.0000
2015-04-15,21.2500,21.2500,21.2500,21.2500,0,0.0000
2015-04-16,21.2500,21.2500,21.2500,21.2500,0,0.0000
2015-04-17,21.2500,21.2500,21.2500,21.2500,0,0.0000
2015-04-20,21.2500,21.2500,21.2500,21.2500,0,0.0000
2015-04-21,21.2500,21.2500,21.2500,21.2500,0,0.0000
2015-04-22,21.2500,21.2500,21.2500,21.2500,0,0.0000
2015-04-23,21.2500,21.2500,21.2500,21.2500,0,0.0000
2015-04-24,21.2500,21.2500,21.2500,21.2500,0,0.0000
2015-04-27,21.2500,21.2500,21.2500,21.2500,0,0.0000
2015-04-28,21.2500,21.2500,21.2500,21.2500,0,0.0000
2015-04-29,21.2500,21.2500,21.2500,21.2500,0,0.0000
2015-04-30,21.2500,21.2500,21.2500,21.2500,0,0.0000
2015-05-04,21.2500,21.2500,21.2500,21.2500,0,0.0000
2015-05-05,21.2500,21.2500,21.2500,21.2500,0,0.0000
2015-05-06,21.2500,21.2500,21.2500,21.2500,0,0.0000
2015-05-07,21.2500,21.2500,21.2500,21.2500,0,0.0000
2015-05-08,21.2500,21.2500,21.2500,21.2500,0,0.0000
2015-05-11,21.2500,21.2500,21.2500,21.2500,0,0.0000
2015-05-12,21.2500,21.2500,21.2500,21.2500,0,0.0000
2015-05-13,21.2500,21.2500,21.2500,21.2500,0,0.0000
2015-05-14,23.3800,23.3800,23.3800,23.3800,145749,3407611.0000
2015-05-15,25.7200,25.7200,25.7200,25.7200,206396,5308505.0000
2015-05-18,28.2900,28.2900,28.2900,28.2900,602756,17051967.0000
2015-05-19,31.1200,31.1200,31.1200,31.1200,9343278,290762816.0000
2015-05-20,34.2300,34.2300,34.2300,34.2300,4959289,169756462.0000
2015-05-21,37.6500,37.6500,37.6500,37.6500,1850681,69678139.0000
2015-05-22,41.4200,41.4200,41.4200,41.4200,5526538,228909203.0000
2015-05-25,41.9700,41.9700,37.2800,37.2800,120386179,4633009408.0000
2015-05-26,37.5000,40.4500,36.7100,39.4900,86016637,3286272016.0000
2015-05-27,39.5300,42.4500,37.6500,39.9300,79363913,3141263184.0000
2015-05-28,40.5300,41.8800,36.7300,36.8000,79459219,3153715472.0000
2015-05-29,37.1400,37.8000,34.8000,35.5000,62783150,2284874912.0000
2015-06-01,35.0000,37.3100,34.8800,36.8000,50976707,1856349888.0000
2015-06-02,37.1800,39.5000,36.6900,37.8700,52674007,1991239040.0000
2015-06-03,38.0000,38.7800,36.1100,36.8000,48684427,1819638432.0000
2015-06-04,37.2100,37.9800,33.9800,35.8000,53240471,1930872048.0000
2015-06-05,36.5000,36.9800,34.8100,35.6800,49195241,1773451088.0000
2015-06-08,35.2600,35.2800,33.5000,34.0800,46438047,1587993008.0000
2015-06-09,33.3500,34.9500,33.0800,33.5000,37168923,1258535360.0000
2015-06-10,33.4100,35.3300,33.0200,34.9400,47251075,1624770064.0000
2015-06-11,35.1000,37.0900,34.8400,36.0200,49058139,1767276784.0000
2015-06-12,36.2600,36.5800,34.4500,34.7700,47082951,1650731648.0000
2015-06-15,34.8000,34.9900,32.3800,32.5600,43883271,1462054096.0000
2015-06-16,31.7600,32.0300,29.7800,30.0200,46582257,1429896480.0000
2015-06-17,30.0100,31.0400,28.9800,30.7700,47550091,1429970528.0000
2015-06-18,30.6800,30.6800,28.0000,28.0600,44069018,1300121344.0000
2015-06-19,27.5000,28.9600,27.0000,27.0800,39853465,1122183776.0000
2015-06-23,27.9300,28.9000,26.8100,28.7000,40838974,1140513632.0000
2015-06-24,29.0600,29.5700,27.8100,28.8800,43646919,1256847824.0000
2015-06-25,29.4700,29.4800,26.0000,26.8000,41786505,1181926544.0000
2015-06-26,26.2000,26.5000,24.1200,24.1200,41550804,1040235424.0000
2015-06-29,24.5000,24.6800,21.7100,21.7100,49121756,1116765472.0000
2015-06-30,21.5500,23.8300,19.5400,23.6900,63444792,1375360224.0000
2015-07-01,23.3000,24.6100,21.7000,22.0000,61488898,1461001712.0000
2015-07-02,22.0000,22.9700,20.5100,21.6700,51477489,1128023728.0000
2015-07-03,20.8000,23.0000,19.7200,20.8300,49823420,1056385968.0000
2015-07-06,22.9100,22.9100,18.7500,18.9100,66802436,1368398752.0000
2015-07-07,17.9300,17.9300,17.0200,17.0200,21832696,376090736.0000
2015-07-08,15.3200,15.5000,15.3200,15.3200,83074979,1272949600.0000
2015-07-09,15.3200,16.8500,15.3200,16.8500,53716082,879789328.0000
2015-07-10,18.3800,18.5400,17.8000,18.5400,18511425,339434864.0000
2015-07-13,20.0000,20.3900,19.5000,20.3900,47852381,969138320.0000
2015-07-14,21.9900,22.4300,21.0200,22.4300,96727627,2132181472.0000
2015-07-15,21.8000,22.1900,20.1900,20.1900,68276446,1427351072.0000
2015-07-16,18.8200,21.6200,18.3800,20.5900,50212600,1021489344.0000
2015-07-17,20.8000,22.6500,20.6000,22.3900,52313183,1137982240.0000
2015-07-20,23.0000,24.0000,22.3900,23.1200,69080903,1606569296.0000
2015-07-21,22.5000,23.9400,22.1100,23.3900,47459757,1100654032.0000
2015-07-22,23.3000,23.8900,22.5900,23.3500,44654514,1039150400.0000
2015-07-23,23.2400,24.5000,23.0100,24.1100,54036707,1289821264.0000
2015-07-24,24.2000,24.9500,22.9000,23.4600,62276099,1503487776.0000
2015-07-27,22.8100,23.4600,21.1100,21.1100,46453535,1041016848.0000
2015-07-28,19.2500,21.1000,19.0000,19.0000,55174847,1070557408.0000
2015-07-29,19.8000,20.4800,18.0200,20.3900,42155440,810895200.0000
2015-07-30,19.8800,20.4000,18.7500,18.7700,38442695,764319872.0000
2015-07-31,18.2000,19.1600,17.6900,18.2000,27032803,498788080.0000
2015-08-03,17.5500,17.7700,16.3800,16.3900,43059861,725240800.0000
2015-08-04,16.7300,18.0300,16.5100,18.0300,31742411,547763344.0000
2015-08-05,18.5900,19.6200,18.2300,18.6200,57252861,1074866304.0000
2015-08-06,18.0600,19.3800,18.0000,18.7900,36043725,680069696.0000
2015-08-07,19.0200,20.2000,19.0200,19.9500,39479919,780472736.0000
2015-08-10,20.3400,21.7100,19.9300,21.4100,44318246,921343408.0000
2015-08-11,21.2500,22.1500,21.1500,21.3400,41453146,896357504.0000
2015-08-12,20.9600,21.3900,20.1100,20.1800,37245589,772169248.0000
2015-08-13,19.9500,21.1600,19.5900,21.1400,46305371,934790480.0000
2015-08-14,21.4000,22.5000,21.2000,22.2200,61740277,1352947808.0000
2015-08-17,22.0000,22.2800,21.3100,22.0800,41117035,896525568.0000
2015-08-18,22.1600,22.4000,19.8700,19.8700,51825554,1103105472.0000
2015-08-19,18.8800,20.6000,18.1600,20.6000,41514674,803022192.0000
2015-08-20,20.8000,21.5700,19.9300,19.9600,44408726,931024800.0000
2015-08-21,19.0000,19.7000,18.0300,18.1800,35162113,668778384.0000
2015-08-24,17.2000,17.6000,16.3600,16.3600,24660860,409618960.0000
2015-08-25,14.7200,15.7200,14.7200,14.7200,40836970,606232384.0000
2015-08-26,14.7200,15.5000,13.3600,13.5000,47831025,696110864.0000
2015-08-27,14.0800,14.8500,13.6600,14.8500,42379132,605653200.0000
2015-08-28,15.4200,16.3400,15.0200,16.3400,60266780,944783664.0000
2015-08-31,15.9000,16.3200,15.0800,15.1900,44793078,711519472.0000
2015-09-01,14.9000,15.0500,13.6700,13.6700,41237391,584179232.0000
2015-09-02,12.9000,15.0400,12.8000,14.3500,73396090,1067702896.0000
2015-09-07,14.9100,15.7400,14.5000,14.8000,62170343,938210384.0000
2015-09-08,14.3000,16.2300,14.2100,16.1900,52025765,790955776.0000
2015-09-09,16.1900,17.0000,16.0100,16.6500,63179168,1043398240.0000
2015-09-10,16.2200,16.5400,16.0000,16.0400,33042929,537047232.0000
2015-09-11,16.0800,16.6300,15.8500,16.2000,27939905,453063136.0000
2015-09-14,16.2300,16.3600,14.5800,14.5800,32990226,499459344.0000
2015-09-15,14.2000,14.3800,13.1200,13.2000,31395595,432070496.0000
2015-09-16,13.5100,14.5200,13.2400,14.5200,36916067,509225792.0000
2015-09-17,14.6400,15.5300,14.3300,14.5000,46556238,695393328.0000
2015-09-18,14.7900,15.4000,14.5100,15.0900,31745505,472991408.0000
2015-09-21,14.8600,16.2200,14.7700,16.1600,39944492,622484464.0000
2015-09-22,16.1600,16.5700,15.6500,15.9300,39502281,636627632.0000
2015-09-23,15.5700,16.0400,15.2700,15.5700,33791912,526913680.0000
2015-09-24,15.7400,16.1600,15.6700,15.9700,31441690,501166928.0000
2015-09-25,15.9900,16.2800,14.7500,14.9500,33374174,516040208.0000
2015-09-28,15.1500,16.1400,14.8500,15.9600,28709434,446924448.0000
2015-09-29,15.5900,15.9000,15.3200,15.5800,25356003,395717264.0000
2015-09-30,15.7100,15.9300,15.2800,15.6100,20016810,312907904.0000
2015-10-08,16.3800,16.8400,16.0000,16.5100,38533679,635830608.0000
2015-10-09,16.4000,17.0600,16.3500,16.9800,34131342,571314352.0000
2015-10-12,17.0800,18.4700,17.0500,18.1000,40721624,726595312.0000
2015-10-13,17.9900,18.5000,17.8000,18.2800,35040331,638351552.0000
2015-10-14,18.0500,18.2200,17.7000,17.7700,29971788,537358752.0000
2015-10-15,17.5500,18.9400,17.5500,18.8100,39544593,727391440.0000
2015-10-16,18.8100,19.3300,18.5000,19.0200,42343348,800793440.0000
2015-10-19,19.0200,19.2000,18.2600,18.4600,32764740,612478960.0000
2015-10-20,18.4100,20.2400,18.3200,19.9900,56443139,1097313824.0000
2015-10-21,19.9000,21.5300,18.6000,18.8000,87548442,1757691344.0000
2015-10-22,19.1800,20.6700,18.9100,20.5500,53533431,1055543936.0000
2015-10-23,20.8500,21.3700,20.4000,20.8000,52583044,1098746448.0000
2015-10-26,21.0100,21.0500,19.8800,20.5300,38620384,786197952.0000
2015-10-27,20.2000,20.9500,19.5000,20.6000,33488522,679590032.0000
2015-10-28,20.5900,21.1700,19.6600,19.7400,36516556,745826160.0000
2015-10-29,20.0900,20.3200,19.4100,20.0000,26132025,520704128.0000
2015-10-30,19.9800,20.5500,19.4500,19.9000,23315777,467705952.0000
2015-11-02,19.0600,20.6800,19.0200,20.0900,35222338,710762592.0000
2015-11-03,20.0900,20.3100,19.5200,19.7400,21514057,428847264.0000
2015-11-04,19.9200,21.2700,19.9200,21.1800,38353081,795859328.0000
2015-11-05,21.3000,21.4900,20.5000,20.7500,42677164,896758624.0000
2015-11-06,20.8200,22.1100,20.8000,21.8500,40055415,866937200.0000
2015-11-09,21.5100,22.6800,20.9100,22.1900,43844976,952503008.0000
2015-11-10,21.7500,22.2100,21.5000,21.6900,31025589,676450960.0000
2015-11-11,21.6900,22.3000,21.3800,22.3000,31351674,684087696.0000
2015-11-12,22.5500,22.6700,21.2000,21.4900,38736187,843638256.0000
2015-11-13,21.1300,21.3800,20.5000,20.6000,28994943,604185216.0000
2015-11-16,20.0000,20.8500,19.6900,20.8500,34182130,694400784.0000
2015-11-17,21.1400,21.4800,19.7600,19.9000,61585348,1265665856.0000
2015-11-18,19.9300,20.1800,19.5800,19.6600,31003246,615104512.0000
2015-11-19,19.8100,20.4000,19.6100,20.3800,27965801,559810752.0000
2015-11-20,20.4500,20.8000,20.2700,20.6000,32331704,664712320.0000
2015-11-23,20.6100,20.7200,19.7300,19.8900,38343367,777237728.0000
2015-11-24,19.8000,20.5800,19.4000,20.5200,30936381,616392576.0000
2015-11-25,20.3800,21.6800,20.2500,21.2800,49468548,1038108464.0000
2015-11-26,21.8000,22.7800,21.2500,21.3500,61956760,1365441232.0000
2015-11-27,21.1400,22.0000,19.5100,19.9800,47493808,1004216288.0000
2015-11-30,20.0000,20.5300,19.0900,20.3000,35426033,705738560.0000
2015-12-01,20.2000,20.5100,19.8000,20.0700,22982474,462087520.0000
2015-12-02,20.3900,20.4000,18.9500,19.8800,24668108,482857312.0000
2015-12-03,19.8500,20.4300,19.5700,20.4000,28891269,579486496.0000
2015-12-04,20.2900,20.4500,19.7800,19.9200,20563361,413073776.0000
2015-12-07,20.3000,20.5000,19.9100,20.4000,24846388,503130704.0000
2015-12-08,20.4000,20.4000,19.7100,19.8200,21812162,435984736.0000
2015-12-09,19.9800,20.3900,19.6000,20.0200,22102296,443074144.0000
2015-12-10,20.2000,22.0200,20.0500,22.0200,93002407,2022839648.0000
2015-12-11,22.5800,23.9900,22.3800,23.1400,127787497,2954939600.0000
2015-12-14,23.2000,24.0500,22.2800,23.9000,83215677,1930419920.0000
2015-12-15,23.4100,24.7000,23.2700,23.5200,81274155,1946411968.0000
2015-12-16,23.5200,24.7900,23.3400,24.0100,68096326,1637918832.0000
2015-12-17,24.1000,26.0000,23.7000,25.4000,87666847,2164919856.0000
2015-12-18,25.0000,25.2800,24.3000,24.4900,58164730,1433410064.0000
2015-12-21,24.5000,24.9700,23.8800,24.6500,47779002,1163822192.0000
2015-12-22,24.7700,25.1500,24.3600,24.6400,46225912,1144355040.0000
2015-12-23,24.4200,24.4700,23.1000,23.2000,57450871,1368029760.0000
2015-12-24,23.2500,23.7400,22.9000,23.5300,29880090,700013024.0000
2015-12-25,23.4700,23.8100,23.0900,23.4900,26319459,616380240.0000
2015-12-28,23.6400,24.0700,22.7500,22.7500,35677456,839594560.0000
2015-12-29,22.7500,23.6600,22.6000,23.6400,31182636,718651312.0000
2015-12-30,24.0100,24.8500,23.7000,24.5600,50404465,1226279872.0000
2015-12-31,24.5000,24.5300,23.6000,23.9900,32750335,786472864.0000
2016-01-04,23.9900,24.0000,21.5900,21.5900,31029703,691720912.0000
2016-01-05,19.9500,20.9900,19.4300,20.5000,48486611,979467024.0000
2016-01-06,20.5700,21.1500,20.0100,20.8400,33786201,698150672.0000
2016-01-07,20.1300,20.2700,18.7600,18.7600,8834700,170608894.0000
2016-01-08,19.0000,19.4900,17.0000,18.3000,45253820,833951072.0000
2016-01-11,17.8500,18.3600,16.4700,16.4700,34567836,601506672.0000
2016-01-12,16.6700,17.1300,15.7900,16.5900,30660887,506715408.0000
2016-01-13,16.6800,17.0500,15.6000,15.6300,28442051,470438640.0000
2016-01-14,14.9900,16.7800,14.9600,16.6000,31127332,496402480.0000
2016-01-15,16.4500,17.1600,16.0000,16.2000,34675745,576296352.0000
2016-01-18,15.7500,17.5400,15.6000,17.3700,38114075,639530608.0000
2016-01-19,17.1000,17.9700,16.8800,17.9200,34203738,596517664.0000
2016-01-20,17.6700,17.8400,17.1200,17.3600,26434531,462785344.0000
2016-01-21,17.1500,18.4900,16.8000,16.8400,41374203,737188368.0000
2016-01-22,17.2600,17.5800,16.5000,17.4100,30793411,526097040.0000
2016-01-25,17.6600,18.0600,17.2600,17.6000,25227552,447091648.0000
2016-01-26,17.3200,17.3900,15.8400,15.8400,31859131,530290000.0000
2016-01-27,16.0000,16.1300,14.6600,15.8500,29653785,456808224.0000
2016-01-28,15.5800,16.0800,14.7200,14.9900,25077175,389363408.0000
2016-01-29,15.1600,16.4100,15.1000,16.1000,27155441,427638656.0000
2016-02-01,16.0500,16.6000,15.8800,16.3800,31224360,505655232.0000
2016-02-02,16.5700,17.7800,16.3800,17.4400,35018256,603512112.0000
2016-02-03,17.0000,17.4500,16.8000,17.2500,27585506,471674944.0000
2016-02-04,17.3500,17.7400,17.2800,17.3600,29889627,522719952.0000
2016-02-05,17.4000,17.8500,17.1900,17.2100,24849600,435314656.0000
2016-02-15,16.5100,17.2400,16.3800,17.0100,19980442,336337216.0000
2016-02-16,17.8800,18.7100,17.8300,18.7100,21041681,390782880.0000
2016-02-17,19.5000,19.7800,18.3100,19.0700,70794366,1347310208.0000
2016-02-18,19.0600,19.2100,18.5500,18.6200,54066801,1018878080.0000
2016-02-19,18.6900,19.6000,18.6700,19.2700,62843242,1206716544.0000
2016-02-22,19.4000,19.6300,18.9400,19.4700,45794725,880893952.0000
2016-02-23,19.3000,19.3600,18.5000,18.9100,36318481,687303200.0000
2016-02-24,18.7700,19.0400,18.0500,18.7000,34854529,645441472.0000
2016-02-25,18.5000,18.5200,16.8300,16.8300,41715063,731408368.0000
2016-02-26,16.9900,17.0700,15.9000,16.4200,32440321,537596704.0000
2016-02-29,16.4200,16.4400,14.9000,15.1300,28994295,443767072.0000
2016-03-01,15.1800,15.9800,14.9800,15.6800,30093043,465509744.0000
2016-03-02,15.7000,16.7600,15.5200,16.5700,34293547,550657456.0000
2016-03-03,16.8000,16.9800,16.4100,16.4400,34513966,576834064.0000
2016-03-04,16.3700,16.5200,15.2400,15.6400,29215783,464516512.0000
2016-03-07,15.9200,16.5900,15.8100,16.2600,22404666,363608688.0000
2016-03-08,16.1400,16.4200,15.2500,16.3800,23855921,378985568.0000
2016-03-09,15.9900,16.3100,15.7100,15.9100,16809748,268887120.0000
2016-03-10,16.0700,16.2400,15.6800,15.7500,16492873,263178787.0000
2016-03-11,15.4100,15.7600,15.3100,15.5900,14634864,227237280.0000
2016-03-14,15.8900,16.5800,15.8100,16.2700,28795382,468664176.0000
2016-03-15,16.1800,16.3300,15.8300,15.9500,17968723,289122528.0000
2016-03-16,16.2000,16.2300,15.6300,15.7100,16979351,270231360.0000
2016-03-17,15.7800,16.8900,15.7800,16.7100,40555193,667342064.0000
2016-03-18,16.8000,17.6600,16.7300,17.4600,43171489,744392912.0000
2016-03-21,17.8500,17.9800,17.5000,17.9700,43106056,764439984.0000
2016-03-22,17.6800,17.9700,17.6000,17.6400,30012994,532979968.0000
2016-03-23,17.6100,18.2500,17.6100,18.0000,33140068,593254688.0000
2016-03-24,17.7500,18.2500,17.4400,17.7800,35619112,632457104.0000
2016-03-25,17.9000,18.2000,17.7800,18.0900,33993568,611050864.0000
2016-03-28,18.1600,18.3400,17.3100,17.4000,42236548,752224432.0000
2016-03-29,17.3400,17.4500,16.5600,16.7700,28816035,488125264.0000
2016-03-30,17.0000,17.7200,16.9600,17.7100,30919110,534486144.0000
2016-03-31,17.7900,18.1800,17.7000,17.8200,35037837,626769504.0000
2016-04-01,17.6300,17.7500,17.2600,17.5000,23463438,408768000.0000
2016-04-05,17.6000,18.4600,17.4300,18.1400,36741397,661652112.0000
2016-04-06,18.2800,18.5500,17.9200,18.1700,40320720,735230016.0000
2016-04-07,18.2500,18.3500,17.5400,17.5700,36742857,655173552.0000
2016-04-08,17.3100,17.5200,17.0500,17.4200,23290533,403213760.0000
2016-04-11,17.6200,17.9600,17.5800,17.7500,25908451,461155664.0000
2016-04-12,17.7200,18.2900,17.5900,18.0600,37845876,681234496.0000
2016-04-13,18.1500,18.9000,18.0000,18.3400,56373716,1039372752.0000
2016-04-14,18.5500,18.6100,18.1100,18.5000,30180456,555226208.0000
2016-04-15,18.5600,18.5700,18.0500,18.1900,25005439,456773744.0000
2016-04-18,17.9700,17.9700,17.4500,17.6400,25375902,448396192.0000
2016-04-19,17.7800,17.8600,17.5100,17.8000,18374088,325070016.0000
2016-04-20,17.8800,17.9200,16.2200,16.5500,37471237,633959088.0000
2016-04-21,16.5500,16.7400,16.1700,16.2300,20183073,332706640.0000
2016-04-22,16.0100,16.4700,15.9900,16.4700,11868747,193462672.0000
2016-04-25,16.4500,16.4500,16.0100,16.2000,12205116,197693712.0000
2016-04-26,16.2500,16.5800,16.1200,16.5700,13087425,213723194.0000
2016-04-27,16.5900,16.6500,16.2800,16.3100,13849425,228473656.0000
2016-04-28,16.4000,16.4400,15.9200,16.2800,18795329,303589040.0000
2016-04-29,16.0200,16.2200,15.9100,15.9700,16212206,260207473.0000
2016-05-03,16.0700,16.6400,15.9600,16.6400,24657193,404846272.0000
2016-05-04,16.5500,16.7200,16.4500,16.5000,18139237,300387024.0000
2016-05-05,16.4600,16.7600,16.4400,16.7100,16722286,277369744.0000
2016-05-06,16.7000,16.7700,15.8000,15.8000,28583653,463199696.0000
2016-05-09,15.6000,15.6500,14.8800,15.0000,20300125,309855056.0000
2016-05-10,15.0000,15.1500,14.9400,15.0700,10233458,154174172.0000
2016-05-11,15.2500,15.2900,14.9800,15.0000,10867706,164421745.0000
2016-05-12,14.7600,15.0600,14.5100,15.0600,14016892,206800511.0000
2016-05-13,15.0500,15.1500,14.7000,14.8300,10512133,157002207.0000
2016-05-16,14.7200,15.0900,14.6800,15.0900,11783818,175862288.0000
2016-05-17,15.0900,15.4800,15.0500,15.1900,19343149,295430720.0000
2016-05-18,15.0200,15.0400,14.3600,14.5500,17914846,262306522.0000
2016-05-19,14.5800,15.1000,14.5500,14.7600,18604330,276472112.0000
2016-05-20,14.6200,15.0800,14.5800,15.0300,15399570,229275170.0000
2016-05-23,15.1000,15.3200,15.0300,15.1700,16337961,248295637.0000
2016-05-24,15.1500,15.1500,14.7700,14.8800,9559478,142685118.0000
2016-05-25,15.0800,15.4500,15.0600,15.0600,19046847,290376720.0000
2016-05-26,15.0500,15.3600,14.6800,15.3300,18315899,275017888.0000
2016-05-27,15.2500,15.2600,14.9700,14.9800,13964468,211222056.0000
2016-05-30,14.7500,15.0000,14.6000,14.8100,13257830,196296236.0000
2016-05-31,14.7100,15.8500,14.7100,15.8500,38323903,592283264.0000
2016-06-01,15.7700,16.0200,15.6600,15.8300,30183168,479085376.0000
2016-06-02,15.9600,16.3200,15.8800,16.1000,30978822,498317456.0000
2016-06-03,16.1000,16.2400,15.9000,16.0500,27986224,449855264.0000
2016-06-06,16.1100,16.1100,15.7500,15.9000,19197732,305077440.0000
2016-06-07,15.7900,16.0600,15.7500,15.8700,15327562,243610551.0000
2016-06-08,15.7800,16.0500,15.6100,15.8900,19065235,302202208.0000
2016-06-13,15.6500,15.8500,14.8300,14.8600,20260004,313254096.0000
2016-06-14,14.7200,14.9500,14.6300,14.8800,15519717,229795857.0000
2016-06-15,14.6300,15.5500,14.6100,15.4100,19777453,300912832.0000
2016-06-16,15.3500,15.4500,15.0000,15.0600,18413044,279753296.0000
2016-06-17,15.1600,16.0100,15.1300,15.9900,35416450,552534784.0000
2016-06-20,15.9000,16.1300,15.6300,15.9100,23406360,372057632.0000
2016-06-21,15.9500,16.1800,15.3800,15.4200,26020134,411599728.0000
2016-06-22,15.4400,16.1000,15.3600,16.0500,28001210,442842384.0000
2016-06-23,15.9800,16.4900,15.8900,16.1300,43658369,706230528.0000
2016-06-24,16.0200,16.2000,15.1200,15.6500,34391979,541640624.0000
2016-06-27,15.5100,16.7600,15.5100,16.5400,45877603,748981760.0000
2016-06-28,16.4300,16.6300,16.2100,16.6000,35525799,584343440.0000
2016-06-29,16.8500,16.8500,16.3000,16.3600,27580110,455355280.0000
2016-06-30,16.4000,16.6200,16.3100,16.4400,18357996,302077376.0000
2016-07-01,16.5500,16.6200,16.1400,16.2000,19299225,314791904.0000
2016-07-04,16.1400,16.7300,16.1100,16.5800,26911675,444042112.0000
2016-07-05,16.5500,16.7600,16.3800,16.7500,27596162,457375344.0000
2016-07-06,16.6200,16.7100,16.5000,16.6200,21053366,349742960.0000
2016-07-07,16.6100,16.7000,16.1600,16.3800,25503091,418206224.0000
2016-07-08,16.3900,16.6700,16.1900,16.3900,23699277,389784992.0000
2016-07-11,16.4200,16.5700,16.1800,16.2000,21748158,356067904.0000
2016-07-12,16.2100,16.3700,15.9600,16.3600,23570851,381778528.0000
2016-07-13,16.3800,16.7300,16.3800,16.5500,30512757,505748800.0000
2016-07-14,15.9200,15.9200,15.2100,15.3900,82301244,1272408432.0000
2016-07-15,15.4000,15.4300,15.2100,15.3000,30056776,460267856.0000
2016-07-18,15.3100,15.3400,15.0800,15.1600,27801751,422069328.0000
2016-07-19,15.1100,15.3600,15.0600,15.3400,23634131,358670720.0000
2016-07-20,15.3000,15.3600,15.2500,15.3000,19924133,305155152.0000
2016-07-21,15.3500,15.4200,15.2800,15.3100,20420554,313558304.0000
2016-07-22,15.3500,15.3500,15.1700,15.2000,16541453,252209815.0000
2016-07-25,15.2000,15.5000,15.1700,15.4400,27148975,418110992.0000
2016-07-26,15.4300,15.5000,15.3600,15.4800,18066554,278769744.0000
2016-07-27,15.4700,15.4800,14.4600,14.6000,35672170,532057648.0000
2016-07-28,14.6000,14.6800,14.2500,14.4100,20649707,298327808.0000
2016-07-29,14.4600,14.5500,14.3000,14.3600,17799013,256926756.0000
2016-08-01,14.3700,14.3900,14.0000,14.2200,12297319,174007606.0000
2016-08-02,14.2100,14.3600,14.1900,14.3400,7595045,108536826.0000
2016-08-03,14.3300,14.6500,14.2400,14.3600,15784994,227137825.0000
2016-08-04,14.3500,14.4900,14.3100,14.4200,10716923,154342407.0000
2016-08-05,14.3800,14.4300,14.2700,14.2900,11996070,171969520.0000
2016-08-08,14.2600,14.4600,14.1900,14.4500,10593100,151704753.0000
2016-08-09,14.4100,14.6400,14.4000,14.5600,15369045,223028777.0000
2016-08-10,14.5600,14.6100,14.3800,14.4400,11055284,160177351.0000
2016-08-11,14.4300,14.4600,14.2000,14.2200,10310012,147783344.0000
2016-08-12,14.2000,14.3800,14.1600,14.3600,8381896,119544003.0000
2016-08-15,14.3700,14.8000,14.2900,14.7200,22381971,326675584.0000
2016-08-16,14.7300,14.8100,14.6700,14.7500,14581866,214862854.0000
2016-08-17,14.7300,14.9700,14.6900,14.7700,13732775,203041486.0000
2016-08-18,14.7900,14.8000,14.6700,14.7200,11976959,176309504.0000
2016-08-19,14.7100,14.7200,14.5300,14.6400,11992612,175387913.0000
2016-08-22,14.6400,14.8500,14.6200,14.6500,13492787,198744323.0000
2016-08-23,14.6100,14.7600,14.5900,14.6800,10622980,155880035.0000
2016-08-24,14.8000,14.8500,14.6200,14.7700,14538320,214628002.0000
2016-08-25,14.7000,14.7400,14.4300,14.5600,11767105,171183325.0000
2016-08-26,14.6400,14.8000,14.5500,14.6300,14747838,216437595.0000
2016-08-29,14.5300,14.5800,14.4300,14.5100,12263373,177699305.0000
2016-08-30,14.5200,14.7700,14.4900,14.5500,9479841,138101028.0000
2016-08-31,14.5500,14.6200,14.3900,14.4600,8982079,129942649.0000
2016-09-01,14.4700,14.4800,14.3300,14.3300,11560145,166355768.0000
2016-09-02,14.3000,14.3600,14.1500,14.2300,11292479,160902784.0000
2016-09-05,14.2600,14.3500,14.2400,14.2600,7824798,111815698.0000
2016-09-06,14.2900,14.4800,14.1500,14.4600,12114633,173516758.0000
2016-09-07,14.4700,14.5300,14.3300,14.3800,12501636,180581893.0000
2016-09-08,14.4100,14.4700,14.3400,14.4400,8368932,120628507.0000
2016-09-09,14.4300,14.4700,14.2300,14.2300,10308128,147957986.0000
2016-09-12,14.0000,14.0100,13.5500,13.6000,20477446,282033440.0000
2016-09-13,13.7100,13.7500,13.5800,13.6900,8221139,112090759.0000
2016-09-14,13.6500,13.7800,13.5200,13.5900,9358817,127480511.0000
2016-09-19,13.6100,13.7200,13.6100,13.7000,5324750,72803853.0000
2016-09-20,13.7100,13.7300,13.5700,13.6100,5291809,72119285.0000
2016-09-21,13.6000,13.7800,13.5900,13.6900,6630936,90858644.0000
2016-09-22,13.7700,13.8900,13.7200,13.7600,8719415,120348949.0000
2016-09-23,13.7700,14.3100,13.7200,13.9700,24537161,346039792.0000
2016-09-26,13.8900,14.1100,13.6000,13.6200,12106822,168137257.0000
2016-09-27,13.6300,13.8800,13.6100,13.8500,9507447,130479467.0000
2016-09-28,13.8600,13.8700,13.6700,13.7000,7785366,107073203.0000
2016-09-29,13.7300,13.7800,13.6600,13.6700,5961774,81818211.0000
2016-09-30,13.6500,13.7000,13.6200,13.6300,7172230,97928879.0000
2016-10-10,13.7000,14.0500,13.6800,14.0200,15026338,208735344.0000
2016-10-11,14.0100,14.2500,13.9200,14.1300,15391173,216838802.0000
2016-10-12,14.0000,14.1700,13.9800,14.0500,9705753,136431361.0000
2016-10-13,14.1000,14.3300,13.9700,14.1500,12787698,180771436.0000
2016-10-14,14.1200,14.1700,13.9200,14.0300,8844553,124007928.0000
2016-10-17,14.0300,14.1800,13.9000,13.9400,9340824,131186474.0000
2016-10-18,13.9300,14.1500,13.8800,14.1400,11389223,160004302.0000
2016-10-19,14.1700,14.2200,14.0100,14.0500,9607238,135493563.0000
2016-10-20,14.0500,14.2100,13.9900,14.1200,10975069,154818187.0000
2016-10-21,14.0900,14.1600,13.9100,14.0100,10389964,145782240.0000
2016-10-24,14.0200,14.1500,13.9800,14.1000,9058753,127632976.0000
2016-10-25,14.1200,14.2300,14.0700,14.1100,9689062,136987261.0000
2016-10-26,14.0600,14.0900,13.8700,14.0100,14246585,199125570.0000
2016-10-27,14.0000,14.1400,13.9500,14.0900,10241000,143901248.0000
2016-10-28,14.0700,14.1300,13.9000,13.9000,9258163,129383607.0000
2016-10-31,13.8200,13.8200,13.5700,13.7000,12930854,176631531.0000
2016-11-01,13.7000,13.8400,13.6500,13.7700,8745801,120101352.0000
2016-11-02,13.7200,13.8500,13.6200,13.7100,9414300,129020876.0000
2016-11-03,13.6700,13.8200,13.6300,13.7200,11775022,161832458.0000
2016-11-04,13.6900,13.8200,13.6900,13.7300,9731503,133759265.0000
2016-11-07,13.7300,13.7900,13.6400,13.6700,9546358,130717514.0000
2016-11-08,13.7200,13.7900,13.6400,13.7200,11146932,152974376.0000
2016-11-09,13.7400,13.7500,13.4000,13.5000,15740221,213625432.0000
2016-11-10,13.6000,13.7200,13.5600,13.6600,15234097,207884864.0000
2016-11-11,13.6500,13.7900,13.6300,13.7700,13715352,188123240.0000
2016-11-14,13.7300,13.9200,13.7300,13.8700,12888410,178458262.0000
2016-11-15,13.8700,14.0000,13.7700,13.9600,13225610,183369419.0000
2016-11-16,14.0000,14.0900,13.8900,13.9000,11740529,164054793.0000
2016-11-17,13.8600,14.0500,13.7400,13.9300,16185912,224990263.0000
2016-11-18,13.9000,13.9800,13.8200,13.8300,9673386,134292862.0000
2016-11-21,13.8300,14.0500,13.8200,13.8500,9889453,137700860.0000
2016-11-22,13.8600,14.1800,13.8400,14.1500,23170589,324440416.0000
2016-11-23,14.1600,14.2200,13.9500,13.9900,18851805,265331685.0000
2016-11-24,13.9400,14.0300,13.8500,13.8700,10542946,146836589.0000
2016-11-25,13.8800,13.9600,13.7200,13.9300,9164955,126878674.0000
2016-11-28,13.9800,14.0100,13.9000,13.9000,8837511,123256179.0000
2016-11-29,13.8600,13.9900,13.7800,13.7900,11428614,158698535.0000
2016-11-30,13.7700,13.9500,13.7500,13.8600,10365691,143770751.0000
2016-12-01,13.8600,14.0000,13.8300,13.9900,9908885,137933006.0000
2016-12-02,13.9400,14.0100,13.6000,13.6300,13970170,192342244.0000
2016-12-05,13.5000,13.6500,13.4000,13.4500,10843599,146509828.0000
2016-12-06,13.5300,13.5500,13.3700,13.3800,9081375,122135762.0000
2016-12-07,13.4200,13.5200,13.3600,13.5100,6392798,85982607.0000
2016-12-08,13.5100,13.5300,13.4000,13.4000,6725362,90485866.0000
2016-12-09,13.1000,13.1000,12.2800,12.4500,46752395,590315840.0000
2016-12-12,12.3600,12.4200,11.8000,11.8800,23202737,280354960.0000
2016-12-13,11.9300,12.0700,11.8000,12.0400,12026025,143818952.0000
2016-12-14,11.9900,12.0300,11.8600,11.8900,7922727,94716833.0000
2016-12-15,11.8300,12.0700,11.8300,12.0200,8075460,96787489.0000
2016-12-16,12.0200,12.2800,11.9500,12.1000,10037895,121797749.0000
2016-12-19,12.0400,12.1400,11.9800,12.0700,6599789,79454096.0000
2016-12-20,12.0700,12.1300,12.0000,12.0700,5455975,65803868.0000
2016-12-21,12.0700,12.1600,12.0600,12.1300,7704683,93297657.0000
2016-12-22,12.0800,12.0900,11.9400,12.0200,6905981,82942802.0000
2016-12-23,12.0100,12.0600,11.9000,11.9000,6587723,78793095.0000
2016-12-26,11.8500,11.9400,11.6000,11.9100,7926156,93170694.0000
2016-12-27,11.8900,11.9600,11.8400,11.8900,4911421,58434245.0000
2016-12-28,11.8900,11.9200,11.7300,11.7700,5453568,64581101.0000
2016-12-29,11.7800,11.8900,11.7400,11.7900,5301827,62699701.0000
2016-12-30,11.7900,11.8300,11.7100,11.7900,4816088,56691643.0000
2017-01-03,11.8100,11.8900,11.7900,11.8800,4533023,53754159.0000
2017-01-04,11.8700,12.1100,11.8700,12.0600,9169229,110229220.0000
2017-01-05,12.0600,12.1800,12.0100,12.0500,7075098,85530520.0000
2017-01-06,12.0300,12.0900,11.8500,11.9300,7773145,92845963.0000
2017-01-09,11.8500,11.9400,11.7900,11.9100,5685135,67460459.0000
2017-01-10,11.9200,11.9300,11.7800,11.8200,5815951,68982526.0000
2017-01-11,11.7900,11.8500,11.6300,11.6300,7141178,83724332.0000
2017-01-12,11.6100,11.7000,11.5200,11.5700,5129694,59674318.0000
2017-01-13,11.6000,11.6300,11.2700,11.3100,8215628,93971670.0000
2017-01-16,11.2900,11.3400,10.1800,10.3500,19192203,204062482.0000
2017-01-17,10.3400,10.6400,10.1900,10.6000,10542314,110064977.0000
2017-01-18,10.5600,10.5900,10.4300,10.4500,7165801,75146879.0000
2017-01-19,10.4000,10.4800,10.2300,10.4200,6530721,67784169.0000
2017-01-20,10.4200,10.8500,10.3600,10.7200,13805973,147239149.0000
2017-01-23,10.6500,10.7800,10.6300,10.7200,6642381,71147117.0000
2017-01-24,10.7000,10.7100,10.5100,10.6200,5073010,53920105.0000
2017-01-25,10.6100,10.7000,10.5700,10.6600,4760110,50619100.0000
2017-01-26,10.6900,10.8200,10.6600,10.7100,5912974,63441723.0000
2017-02-03,10.7400,10.7400,10.5300,10.6200,4051947,43066787.0000
2017-02-06,10.6400,10.7400,10.5700,10.7400,5657250,60383610.0000
2017-02-07,10.7100,10.7900,10.6000,10.6600,6993504,74779989.0000
2017-02-08,10.6500,10.8400,10.5200,10.8200,8537715,91345219.0000
2017-02-09,10.7700,10.9800,10.7600,10.9500,10197150,110956989.0000
2017-02-10,10.9400,10.9400,10.8000,10.8200,6588455,71586911.0000
2017-02-13,10.8200,11.1000,10.7600,10.9900,12099378,132233633.0000
2017-02-14,10.9900,11.0000,10.8500,10.9000,6374334,69475762.0000
2017-02-15,10.9000,10.9300,10.7500,10.7700,6274750,68075390.0000
2017-02-16,10.7600,10.8500,10.6900,10.8400,7347036,79205930.0000
2017-02-17,10.8400,10.8700,10.6600,10.6800,6719960,72254556.0000
2017-02-20,10.6900,10.8300,10.6400,10.8200,6483669,69514334.0000
2017-02-21,10.8200,11.0500,10.7800,10.9900,11712907,128139798.0000
2017-02-22,10.9700,11.0300,10.9100,11.0200,6629314,72731538.0000
2017-02-23,11.0500,11.2500,10.9000,11.1300,12315187,136123396.0000
2017-02-24,11.1000,11.2500,11.0300,11.1500,10647390,118833396.0000
2017-02-27,11.1500,11.2200,10.9800,11.0100,8112013,90041531.0000
2017-02-28,11.0100,11.0600,10.9400,11.0400,5359885,58938014.0000
2017-03-01,11.0500,11.1100,10.9100,11.0000,8070188,88966878.0000
2017-03-02,11.0500,11.0500,10.8800,10.8900,6655703,72972881.0000
2017-03-03,10.8800,10.9700,10.8100,10.9300,5615011,61140646.0000
2017-03-06,10.9000,11.1700,10.9000,11.1700,9424862,104342404.0000
2017-03-07,11.1600,11.2400,11.0600,11.2000,8248058,91937490.0000
2017-03-08,11.1500,11.2200,11.0200,11.0800,7232520,80348587.0000
2017-03-09,11.0400,11.0800,10.8800,10.9400,7345847,80427508.0000
2017-03-10,10.9300,10.9800,10.9000,10.9100,3636900,39780847.0000
2017-03-13,10.9300,11.0400,10.8200,11.0400,6466942,70832203.0000
2017-03-14,11.0500,11.0700,10.8400,10.8900,10183788,111291717.0000
2017-03-15,10.8300,10.9000,10.7500,10.8500,6715062,72710894.0000
2017-03-16,10.8600,11.0700,10.8600,10.9700,9657290,106003729.0000
2017-03-17,10.9900,11.3300,10.9500,11.0800,23013911,256966954.0000
2017-03-20,11.1000,11.1400,10.9900,11.1300,9599060,106193010.0000
2017-03-21,11.1000,11.2200,11.0000,11.1200,9510465,105555700.0000
2017-03-22,11.0200,11.0700,10.7200,10.8400,11519467,125438789.0000
2017-03-23,10.8600,10.9000,10.7100,10.7800,8225603,88848328.0000
2017-03-24,10.7500,10.8300,10.6800,10.7500,3464283,37262741.0000
2017-03-27,10.7500,10.7500,10.7500,10.7500,0,0.0000
2017-03-28,10.7500,10.7500,10.7500,10.7500,0,0.0000
2017-03-29,10.7500,10.7500,10.7500,10.7500,0,0.0000
2017-03-30,10.7500,10.7500,10.7500,10.7500,0,0.0000
2017-03-31,10.0700,10.3200,9.8800,10.0600,27724870,279394896.0000
2017-04-05,10.0100,10.1500,10.0100,10.1300,12430873,125439495.0000
2017-04-06,10.1200,10.2300,10.1100,10.1800,9877467,100516110.0000
2017-04-07,10.1700,10.1800,10.0800,10.1400,6885570,69736734.0000
2017-04-10,10.1600,10.1600,9.8600,9.8800,9942467,99219333.0000
2017-04-11,9.8900,9.9900,9.8400,9.9900,9432240,93314156.0000
2017-04-12,9.9700,9.9700,9.8700,9.8800,7146696,70791166.0000
2017-04-13,9.8900,9.9800,9.8600,9.9100,5337310,52951097.0000
2017-04-14,9.8700,10.0900,9.8700,9.9400,9540116,95148736.0000
2017-04-17,9.9200,10.0700,9.8600,9.9000,7734570,76952473.0000
2017-04-18,9.9100,9.9600,9.1100,9.2300,22367990,211704646.0000
2017-04-19,9.1900,9.1900,8.8800,9.0000,12811637,114949673.0000
2017-04-20,8.9900,9.0100,8.6900,8.8000,16293075,144126665.0000
2017-04-21,8.8200,8.8500,8.7300,8.8000,6779671,59644844.0000
2017-04-24,8.7700,8.7700,8.3200,8.3500,12003901,101865657.0000
2017-04-25,8.4000,8.6500,8.3600,8.4800,11124964,94796559.0000
2017-04-26,8.5100,9.0900,8.5000,8.7400,14554073,127826286.0000
2017-04-27,8.6800,9.1600,8.5700,9.0200,20802504,184859221.0000
2017-04-28,8.9500,9.0500,8.8800,9.0000,8166700,73406137.0000
2017-05-02,9.0200,9.0200,8.8900,8.9100,7734166,69271443.0000
2017-05-03,8.8900,9.1300,8.8600,8.9800,7697294,69250475.0000
2017-05-04,8.9700,9.0600,8.8000,8.8300,8366992,74828436.0000
2017-05-05,8.8300,8.9800,8.7600,8.8000,10083087,89372812.0000
2017-05-08,8.7500,9.0300,8.6100,8.8900,10803036,95527891.0000
2017-05-09,8.8500,9.0900,8.7400,9.0900,12672942,113374092.0000
2017-05-10,9.0700,9.0900,8.6300,8.6500,15074785,134136744.0000
2017-05-11,8.6000,8.8000,8.3300,8.7600,14600648,125271515.0000
2017-05-12,8.7100,8.7600,8.5900,8.7100,7862254,68300166.0000
2017-05-15,8.7500,8.8300,8.5500,8.5700,7937591,68815434.0000
2017-05-16,8.5200,8.9900,8.5000,8.9500,13514428,118360739.0000
2017-05-17,8.9100,9.1000,8.8900,9.0300,15008098,135087080.0000
2017-05-18,8.9200,9.0500,8.8600,8.8600,9515177,85115612.0000
2017-05-19,8.8900,9.0300,8.8500,8.9900,7305765,65207446.0000
2017-05-22,9.0400,9.0800,8.6400,8.6900,10672836,94789207.0000
2017-05-23,8.7000,8.7600,8.3600,8.4000,10980274,94347967.0000
2017-05-24,8.4100,8.6300,8.3300,8.6200,8410158,71448710.0000
2017-05-25,8.6200,9.0400,8.4300,9.0000,16686088,147095285.0000
2017-05-26,8.9800,9.0900,8.9300,8.9900,11661632,105064532.0000
2017-05-31,9.1300,9.1600,8.8400,8.8500,11446646,102974216.0000
2017-06-01,8.8400,8.9000,8.5300,8.5900,10074101,87762867.0000
2017-06-02,8.5400,9.4500,8.5200,9.3100,29219296,266241724.0000
2017-06-05,9.2000,9.3700,9.2000,9.2800,20608054,191568067.0000
2017-06-06,9.2600,9.6600,9.1700,9.4000,32387075,304140512.0000
2017-06-07,9.3300,9.6400,9.3200,9.6400,29554229,280741104.0000
2017-06-08,9.5600,9.6600,9.5000,9.5100,18884341,180624087.0000
2017-06-09,9.4500,9.6000,9.3600,9.4600,17326744,163836163.0000
2017-06-12,9.4000,9.4100,9.1200,9.1200,17381521,160837773.0000
2017-06-13,9.1300,9.5400,9.1000,9.4400,17012629,158962767.0000
2017-06-14,9.4400,9.5500,9.3200,9.3700,13651037,128582346.0000
2017-06-15,9.4000,9.7200,9.3700,9.6000,24719527,237302930.0000
2017-06-16,9.5600,9.5900,9.4400,9.4700,14126514,134227803.0000
2017-06-19,9.4200,9.5600,9.4100,9.5000,9228131,87554208.0000
2017-06-20,9.5300,9.6500,9.4200,9.4500,14425892,137699384.0000
2017-06-21,9.4800,9.5000,9.3200,9.4200,11368230,106598050.0000
2017-06-22,9.4000,9.4300,9.0500,9.1100,14906187,138265651.0000
2017-06-23,9.1100,9.1900,8.8400,9.1200,15092629,136541600.0000
2017-06-26,9.1100,9.2200,9.0500,9.2100,9488540,86846272.0000
2017-06-27,9.2200,9.2500,9.1100,9.1400,7459784,68464640.0000
2017-06-28,9.0800,9.1600,9.0000,9.1400,7903729,71882509.0000
2017-06-29,9.1300,9.4600,9.1000,9.4300,18420353,171513181.0000
2017-06-30,9.3700,9.4500,9.3000,9.3900,10747229,100729270.0000
2017-07-03,9.4200,9.5700,9.3400,9.5700,13566965,128845849.0000
2017-07-04,9.5800,9.6300,9.4100,9.5700,14338334,136179009.0000
2017-07-05,9.5700,9.9600,9.5100,9.8800,32754902,321210976.0000
2017-07-06,9.8000,9.8500,9.7000,9.8200,18201529,178158626.0000
2017-07-07,9.7900,9.8800,9.7400,9.7600,11568230,113154886.0000
2017-07-10,9.6500,9.7700,9.5700,9.5700,12281204,118547767.0000
2017-07-11,9.5800,9.6600,9.4700,9.4900,10258402,98175014.0000
2017-07-12,9.4800,9.5400,9.2200,9.4600,12151932,113806080.0000
2017-07-13,9.4300,9.4800,9.3300,9.4600,6411227,60439693.0000
2017-07-14,9.4600,9.4800,9.2200,9.3100,6828325,63970952.0000
2017-07-17,9.2700,9.2800,8.5000,8.5200,19058726,167877221.0000
2017-07-18,8.5300,8.6900,8.4900,8.6200,10682058,91877567.0000
2017-07-19,8.6100,8.7200,8.5200,8.7000,10247438,88366939.0000
2017-07-20,8.6700,8.7900,8.6500,8.6700,9213422,80298866.0000
2017-07-21,8.6400,8.7500,8.6300,8.6900,7361953,64007067.0000
2017-07-24,8.6200,8.8200,8.6200,8.8200,8137139,71045967.0000
2017-07-25,8.7800,8.8800,8.7200,8.7700,6783890,59543744.0000
2017-07-26,8.7700,8.8200,8.5100,8.6100,10329654,89419823.0000
2017-07-27,8.6600,9.0500,8.6200,8.9500,19924832,176694631.0000
2017-07-28,8.9000,8.9900,8.8800,8.9200,8513062,76023460.0000
2017-07-31,8.9400,9.1600,8.9400,9.0000,12008776,108803679.0000
2017-08-01,9.0300,9.2000,8.9400,9.1700,12183271,110345369.0000
2017-08-02,9.1600,9.1700,8.9500,9.0000,10665135,96591539.0000
2017-08-03,8.9700,9.3800,8.9400,9.2700,19700631,181686074.0000
2017-08-04,9.3200,9.6400,9.2500,9.4300,28615379,269667488.0000
2017-08-07,9.3800,9.6500,9.3500,9.4500,15486211,147059740.0000
2017-08-08,9.4100,9.4900,9.3000,9.4700,11651635,109475047.0000
2017-08-09,9.4400,9.4600,9.2600,9.3300,9043032,84468167.0000
2017-08-10,9.3000,9.4000,9.1500,9.2000,10630817,98339251.0000
2017-08-11,9.1600,10.1200,9.1100,10.1200,45110886,443301248.0000
2017-08-14,10.2800,10.6000,9.9600,10.4800,83963270,867851776.0000
2017-08-15,10.3200,10.4300,10.1100,10.2200,46121911,473244880.0000
2017-08-16,10.1400,10.4700,10.1300,10.3200,43373001,447163184.0000
2017-08-17,10.2000,10.7500,10.1100,10.4400,58723378,615164176.0000
2017-08-18,10.2800,10.3300,10.0800,10.1800,31257086,319084496.0000
2017-08-21,10.1900,10.3400,10.1500,10.2900,19795695,202915199.0000
2017-08-22,10.2800,10.4000,10.1200,10.3800,21952581,224749336.0000
2017-08-23,10.3200,10.5000,10.1200,10.2500,25837144,266516578.0000
2017-08-24,10.2600,10.2600,9.8100,9.8300,28830467,287931056.0000
2017-08-25,9.8200,9.9700,9.8000,9.9400,17115398,169292726.0000
2017-08-28,9.9900,10.2400,9.9100,10.2100,23127760,233870782.0000
2017-08-29,10.1900,10.2000,9.9600,10.0100,15302340,154090398.0000
2017-08-30,10.0300,10.2700,10.0300,10.1500,16186581,164641339.0000
2017-08-31,10.1200,10.2700,10.1000,10.1900,14155206,143815700.0000
2017-09-01,10.2100,10.3800,10.0600,10.3400,25009140,256480794.0000
2017-09-04,10.2400,10.4400,10.1900,10.4200,24937706,257494118.0000
2017-09-05,10.4300,10.5600,10.2300,10.2600,17549677,181387278.0000
2017-09-06,10.2300,10.2800,10.1000,10.2600,15633381,159267101.0000
2017-09-07,10.2500,10.3200,9.9700,10.0000,20031026,203018560.0000
2017-09-08,9.9800,10.1500,9.9400,10.0600,11186672,112245307.0000
2017-09-11,10.0600,10.2400,10.0400,10.2200,11910849,121118216.0000
2017-09-12,10.2400,10.3600,10.0100,10.3200,22901744,233624560.4300
2017-09-13,10.3100,10.4800,10.2500,10.3000,20556113,212717477.3000
2017-09-14,10.3000,10.9500,10.2400,10.8400,50843684,537938632.0700
2017-09-15,10.6900,10.7300,10.4700,10.6300,27598836,291797981.8300
2017-09-18,10.7000,10.8100,10.5500,10.7300,21057642,224689828.1000
2017-09-19,10.6900,10.7500,10.3500,10.4000,21815528,229086692.6600
2017-09-20,10.4100,10.6200,10.3500,10.5000,14891840,156164162.1400
2017-09-21,10.5400,10.5600,10.2600,10.2600,15476325,160608743.3700
2017-09-22,10.2600,10.3600,10.0800,10.2900,10052896,102994651.0000
2017-09-25,10.3100,10.6000,10.2800,10.2800,16565023,173266854.5100
2017-09-26,10.2200,10.3500,10.0300,10.0900,12558911,127260173.2700
2017-09-27,10.1300,10.3400,10.0900,10.2900,9426828,96447899.5000
2017-09-28,10.2300,10.7000,10.2300,10.5600,27084082,284687879.5600
2017-09-29,10.5300,10.7900,10.4900,10.6500,26133463,278123907.4100
2017-10-09,10.7900,11.2700,10.7000,11.0100,46575311,512306905.6200
2017-10-10,10.9700,11.0500,10.8400,11.0200,21343650,233874471.8200
2017-10-11,11.0000,11.2500,10.6500,10.6900,33201226,363092537.4600
2017-10-12,10.7100,11.7600,10.7100,11.3800,102232035,1174038690.9400
2017-10-13,11.2000,11.2700,11.0800,11.2200,53883729,602231870.8400
2017-10-16,11.1800,11.3500,10.8300,10.8900,38073996,420731674.4100
2017-10-17,10.7800,10.8600,10.6000,10.7700,24138061,258059918.4800
2017-10-18,10.7200,10.8600,10.5000,10.5200,20934404,223808571.2700
2017-10-19,10.4800,10.5700,10.2000,10.2500,19601246,202869199.6700
2017-10-20,10.2700,10.4300,10.2500,10.3800,13347931,138383125.5800
2017-10-23,10.3500,10.5000,10.3200,10.4500,11290490,117898329.5000
2017-10-24,10.4600,10.4700,10.2100,10.3800,11477892,118492256.6900
2017-10-25,10.2500,10.3200,10.0700,10.3100,18297433,186214102.4600
2017-10-26,10.2600,10.3900,10.2500,10.2800,12838551,132442698.4900
2017-10-27,10.3000,10.3200,10.0500,10.0500,14077683,142671387.3600
2017-10-30,10.0500,10.0800,9.4600,9.5000,26017785,250459291.5400
2017-10-31,9.5200,9.5500,9.4300,9.5200,11507970,109220067.1400
2017-11-01,9.5300,9.7400,9.5000,9.6500,11424777,110238077.9600
2017-11-02,9.6900,9.7000,9.3600,9.4000,11216673,106233043.4700
2017-11-03,9.4500,9.4900,9.2300,9.2900,8396600,78514051.6500
2017-11-06,9.2500,9.4700,9.2400,9.4700,5304899,49770525.2700
2017-11-07,9.4400,9.4800,9.3000,9.4800,8179291,76725539.4700
2017-11-08,9.4800,9.6000,9.4200,9.4900,8744850,83292743.1100
2017-11-09,9.4500,9.6800,9.4500,9.6100,7901328,75759046.0100
2017-11-10,9.6100,9.8600,9.5000,9.7500,12782097,123574259.3800
2017-11-13,9.7000,9.7400,9.5900,9.6300,9907942,95519492.9800
2017-11-14,9.6100,9.6500,9.4200,9.4500,9022126,85762478.4000
2017-11-15,9.4200,9.5200,9.3900,9.4200,5256082,49651164.7400
2017-11-16,9.4400,9.4900,9.3400,9.3700,5522853,51841407.6200
2017-11-17,9.3700,9.3800,8.7500,8.7700,17503232,157429628.6300
2017-11-20,8.7800,8.9400,8.5600,8.8900,9962428,87023256.6500
2017-11-21,8.8300,8.9400,8.8300,8.9200,5441101,48392743.5900
2017-11-22,8.9000,9.1600,8.8500,8.9900,6703236,60374561.2600
2017-11-23,8.9200,9.0800,8.7600,8.7700,6427193,57270065.8900
2017-11-24,8.6500,8.9700,8.6500,8.8600,4749904,42166563.5800
2017-11-27,8.8200,8.9300,8.7300,8.8200,4133511,36521158.4600
2017-11-28,8.8000,8.9800,8.8000,8.9700,6542423,58202950.6800
2017-11-29,9.0700,9.0700,8.9100,9.0100,6000117,53883070.3200
2017-11-30,9.0800,9.2600,9.0300,9.0400,8727277,79786281.0500
2017-12-01,9.0600,9.1700,8.9900,9.1000,5901700,53661634.1800
2017-12-04,9.0500,9.1000,8.7500,8.8200,7225434,64368507.9200
2017-12-05,8.8200,8.8800,8.5100,8.5400,7177249,62126108.1000
2017-12-06,8.5400,8.6700,8.4000,8.6700,5925180,50644084.5600
2017-12-07,8.6600,8.7700,8.6200,8.6700,4940299,42983498.6800
2017-12-08,8.6600,8.8700,8.6600,8.8300,4876946,42965853.4300
2017-12-11,8.8200,9.0500,8.8200,8.9400,7296751,65272956.7100
2017-12-12,8.9000,9.0200,8.7700,8.7700,5641600,50076848.3600
2017-12-13,8.7600,9.0800,8.7500,9.0400,9346721,83977697.7600
2017-12-14,9.0000,9.0500,8.9200,9.0100,5355013,48162266.0100
2017-12-15,9.0000,9.0400,8.8900,9.0100,4613039,41385282.9100
2017-12-18,9.0200,9.0300,8.8000,8.8800,5293712,47083257.6000
2017-12-19,8.8800,9.3500,8.8700,9.2700,18242319,168136200.1800
2017-12-20,9.2000,9.2200,9.0500,9.1200,10630733,97081021.0900
2017-12-21,9.1000,9.1300,8.9600,9.1000,7659000,69424809.3500
2017-12-22,9.1000,9.1000,8.9500,8.9600,5918914,53340375.4100
2017-12-25,8.9600,8.9600,8.6700,8.7100,8419944,73652116.8800
2017-12-26,8.7000,8.7800,8.6500,8.7700,4127300,36002336.0000
2017-12-27,8.7800,8.7800,8.6500,8.6700,4641818,40359957.0600
2017-12-28,8.6600,8.7900,8.6000,8.7200,4664303,40677343.1600
2017-12-29,8.6900,8.8000,8.6900,8.7700,4660486,40752199.7900
2018-01-02,8.7700,8.8500,8.6900,8.8400,5836209,51249483.8400
2018-01-03,8.8500,9.0300,8.8200,8.9800,9218033,82167740.7700
2018-01-04,8.9600,9.0200,8.8600,8.9500,6263461,55945018.5900
2018-01-05,9.1500,9.2300,8.9400,8.9800,8780952,79530677.4100
2018-01-08,8.9300,9.1700,8.8400,9.1300,11395359,103029033.0600
2018-01-09,9.0500,9.0800,8.9300,8.9900,7529434,67627484.0800
2018-01-10,9.0400,9.5700,9.0400,9.3800,38101535,354986312.4600
2018-01-11,9.3500,10.1900,9.2800,9.9000,55346678,538756254.2000
2018-01-12,9.9700,9.9800,9.5800,9.7200,35402756,345591386.9700
2018-01-15,9.5600,9.5600,9.1700,9.2200,24952068,233278764.0200
2018-01-16,9.3000,9.4100,9.2400,9.3700,17015230,158843083.8800
2018-01-17,9.1000,9.1000,8.6100,8.8600,24217520,214258760.8800
2018-01-18,8.8500,8.8700,8.7200,8.7700,9678925,84971536.0900
2018-01-19,8.7700,8.9300,8.7500,8.7700,8176510,72130469.5800
2018-01-22,8.7200,8.9000,8.6200,8.8700,9366304,82243640.9500
2018-01-23,8.8200,8.8800,8.7000,8.7700,6968230,61335765.0000
2018-01-24,8.7300,8.9400,8.7100,8.9300,9709548,86163563.6600
2018-01-25,8.9000,9.1000,8.8700,8.9100,10251886,92185370.4200
2018-01-26,8.8800,9.0200,8.8300,8.8600,6391854,57053878.7200
2018-01-29,8.8200,8.9200,8.7000,8.7500,6508529,57128169.3600
2018-01-30,8.7100,8.7900,8.6800,8.7400,4159260,36298492.8000
2018-01-31,8.7000,8.7300,8.2600,8.3000,14702149,124123128.7000
2018-02-01,8.2900,8.3400,7.7100,7.7300,14797818,117929601.9900
2018-02-02,7.6900,7.7300,7.4100,7.5500,8348278,63122623.8600
2018-02-05,7.4100,7.5700,7.3300,7.4600,5637878,42104751.9800
2018-02-06,7.2000,7.4400,6.8600,6.8600,10838159,77556409.6900
2018-02-07,7.0000,7.0800,6.7700,7.0300,8542138,59707035.2000
2018-02-08,7.0100,7.2100,7.0100,7.1500,5134493,36729111.7500
2018-02-09,7.0000,7.0600,6.7900,6.9900,7484619,52041774.1900
2018-02-12,7.0300,7.2300,7.0300,7.1300,5559199,39729241.2200
2018-02-13,7.1500,7.2000,7.0600,7.0600,6200557,44209233.3700
2018-02-14,7.0700,7.1000,7.0100,7.0300,3786039,26693690.3500
2018-02-22,7.0800,7.2500,7.0700,7.2500,7243338,52016458.9600
2018-02-23,7.2200,7.2300,7.1500,7.2300,5154172,37081052.3700
2018-02-26,7.2800,7.4500,7.2400,7.4100,7747583,57040389.1900
2018-02-27,7.4000,7.5900,7.3700,7.5000,9168425,68830481.5400
2018-02-28,7.4300,7.6300,7.3700,7.5100,8072892,60697285.0800
2018-03-01,7.6000,8.2600,7.6000,7.9900,27855308,222859024.1100
2018-03-02,7.8400,7.8800,7.7000,7.7400,15116010,117641678.2800
2018-03-05,7.7600,7.8300,7.7000,7.8000,8383885,65150373.2100
2018-03-06,8.0200,8.5000,8.0000,8.0300,21950303,179380202.2400
2018-03-07,7.9100,7.9900,7.8900,7.9200,10361350,82242669.7900
2018-03-08,7.8900,8.0200,7.8900,7.9900,7833422,62296369.1100
2018-03-09,7.9900,8.3800,7.9300,8.2400,18233672,149346877.5300
2018-03-12,8.2800,8.3800,8.1800,8.3100,14735803,121953771.1700
2018-03-13,8.2500,8.4600,8.1500,8.2900,13605593,112834787.8000
2018-03-14,8.2300,8.2800,8.0200,8.0300,10901250,88710723.7400
2018-03-15,8.0000,8.1000,7.8100,8.0300,9463266,75318996.0300
2018-03-16,8.1400,8.2500,8.0300,8.0400,8875018,72258440.8300
2018-03-19,7.9700,8.2400,7.9500,8.1300,8135711,66071731.2500
2018-03-20,8.0300,8.2500,7.9800,8.2400,9109312,73994509.4400
2018-03-21,8.2100,8.3000,8.0100,8.0200,9488913,77694195.5000
2018-03-22,8.0200,8.3800,8.0000,8.2600,15662542,128318088.1500
2018-03-23,8.0600,8.1200,7.4700,7.5500,20958240,163449149.7000
2018-03-26,7.4000,7.7900,7.2700,7.7700,9960188,75085666.5200
2018-03-27,7.8300,8.5500,7.8300,8.2500,28493963,235825545.9100
2018-03-28,8.1000,8.2500,8.0000,8.1500,16066323,130834772.1400
2018-03-29,8.1500,8.5500,8.1500,8.5300,22998195,191446531.7300
2018-03-30,8.5000,8.8400,8.4200,8.6300,31566533,271156835.9400
2018-04-02,8.6200,8.7000,8.5300,8.5800,21966162,189320443.0200
2018-04-03,8.4300,8.4300,8.2400,8.4100,15381984,128214523.9300
2018-04-04,8.4100,8.4600,8.1700,8.2300,11436800,95119101.8000
2018-04-09,8.1900,8.3700,8.1000,8.2800,9395257,77639980.0800
2018-04-10,8.2400,8.3500,8.0600,8.2000,10800464,87985923.3900
2018-04-11,8.2000,8.3900,8.1700,8.2500,11421370,94637287.7900
2018-04-12,8.2300,8.3600,8.1800,8.3000,10413972,86081973.8200
2018-04-13,8.4000,8.4300,8.2800,8.3200,12399610,103754302.8800
2018-04-16,8.2600,8.5000,8.1900,8.3600,14469895,120688103.8200
2018-04-17,8.3600,8.4400,8.0000,8.0100,12833581,105284603.4800
2018-04-18,8.1300,8.3300,7.9000,8.3000,15966584,129362986.8800
2018-04-19,8.3100,8.4700,8.2200,8.3600,17097503,142515459.7900
2018-04-20,8.3000,8.4200,8.0000,8.0400,14982064,123778709.0900
2018-04-23,8.0700,8.1000,7.7000,7.8300,13687726,107802724.7000
2018-04-24,7.8400,8.1200,7.7800,8.1100,10521755,84000072.1600
2018-04-25,8.0200,8.3400,8.0200,8.3200,13997366,114902807.3900
2018-04-26,8.3000,8.3900,8.2000,8.2000,11212463,92738260.9300
2018-04-27,8.2500,8.2800,7.8000,7.8300,15999440,128408296.2200
2018-05-02,7.8500,7.9700,7.6600,7.8500,10793460,84463640.8000
2018-05-03,7.8600,7.9200,7.5200,7.9200,10062081,77969111.6100
2018-05-04,7.8400,7.8900,7.7300,7.7500,7862137,61232725.3300
2018-05-07,7.7700,7.9800,7.7700,7.9300,8574493,67851182.3000
2018-05-08,7.9400,8.1000,7.9100,8.0200,9951406,79701438.2500
2018-05-09,7.9900,8.0800,7.9500,8.0100,6679203,53480141.2000
2018-05-10,8.0400,8.1300,7.9600,8.0500,7787656,62638109.5000
2018-05-11,8.0600,8.0600,7.8200,7.8300,8143766,64373786.0200
2018-05-14,7.8300,7.9000,7.6700,7.7400,6381876,49704385.6800
2018-05-15,7.7500,7.8600,7.6800,7.8400,5372824,41780624.8800
2018-05-16,7.8200,7.8200,7.6300,7.6600,7868799,60731902.8000
2018-05-17,7.6500,7.7400,7.6300,7.6600,3999112,30724273.5600
2018-05-18,7.7500,7.7800,7.6600,7.7400,3391344,26178681.6800
2018-05-21,7.8000,7.9300,7.7800,7.8800,7186984,56542946.4600
2018-05-22,7.8900,7.9600,7.7900,7.9400,7701381,60729116.2900
2018-05-23,7.9100,7.9100,7.7700,7.7800,6572472,51449507.6500
2018-05-24,7.7300,7.8300,7.7300,7.7800,4098717,31861830.9700
2018-05-25,7.7300,7.7800,7.6100,7.6100,5839171,44901758.3200
2018-05-28,7.6100,7.6700,7.5400,7.5700,3829170,29098912.8200
2018-05-29,7.5800,7.6200,7.4600,7.4700,5350904,40269474.0000
2018-05-30,7.3000,7.3600,7.1200,7.1300,7196950,52271647.7600
2018-05-31,7.2000,7.2900,7.1600,7.2800,4874406,35273056.7200
2018-06-01,7.2700,7.3000,7.1300,7.1900,2845227,20555174.0700
2018-06-04,7.2200,7.3000,7.1900,7.2300,2492082,18073226.0400
2018-06-05,7.2400,7.4900,7.2400,7.4700,5144714,37977201.3600
2018-06-06,7.3900,7.5100,7.3900,7.4700,5374799,40082408.6400
2018-06-07,7.6000,7.7100,7.4000,7.4200,7384164,55659573.9900
2018-06-08,7.3700,7.4000,7.1100,7.2000,5660912,40905323.0100
2018-06-11,7.1700,7.2500,7.1100,7.1400,3223488,23129533.8400
2018-06-12,7.1700,7.2200,7.0700,7.1900,3409280,24437459.6000
2018-06-13,7.1900,7.1900,7.0000,7.0000,3684895,26136146.9200
2018-06-14,7.0100,7.5500,6.9700,7.2600,11863077,86600637.6400
2018-06-15,7.2500,7.3500,7.0500,7.1400,4900271,35227698.0800
2018-06-19,7.0200,7.1200,6.4300,6.5200,10056132,67998628.3800
2018-06-20,6.5100,6.6800,6.4000,6.6100,5422836,35597125.2400
2018-06-21,6.7900,6.9100,6.4600,6.5100,8500626,57511496.9800
2018-06-22,6.4300,6.7200,6.4300,6.7000,4330143,28661118.0600
2018-06-25,6.7600,6.8100,6.6100,6.6400,3100708,20747027.0400
2018-06-26,6.5000,6.8000,6.5000,6.7500,4081789,27379474.1200
2018-06-27,6.7400,6.7900,6.5300,6.6000,6923538,45916516.0400
2018-06-28,6.6000,6.7500,6.5500,6.6000,3804801,25295529.0100
2018-06-29,6.6400,6.8300,6.5700,6.8100,6310562,42607217.5800
2018-07-02,6.7900,6.9200,6.6700,6.7300,5161193,35043252.1900
2018-07-03,6.7500,6.9500,6.6800,6.9300,6766655,46280655.9500
2018-07-04,6.8900,6.8900,6.6800,6.7500,5473683,37133827.5500
2018-07-05,6.7100,6.8500,6.5200,6.5500,4837290,32332306.7900
2018-07-06,6.5700,7.2100,6.5500,6.8500,20903670,146058824.9200
2018-07-09,6.8000,6.9300,6.7900,6.9300,11017075,75641937.8500
2018-07-10,6.8900,6.9200,6.8000,6.9000,8948948,61356009.0200
2018-07-11,6.8100,6.8100,6.5900,6.6900,8389458,56207551.6000
2018-07-12,6.6900,6.9400,6.6900,6.8900,7929117,54435231.5900
2018-07-13,6.8600,6.9500,6.8500,6.9000,5245284,36132906.8400
2018-07-16,6.8900,6.9600,6.8300,6.9000,3915058,26970849.6200
2018-07-17,6.8700,7.0500,6.8500,7.0500,7027813,48924973.7300
2018-07-18,7.0200,7.0500,6.9300,6.9300,5590200,39021529.0500
2018-07-19,6.9100,6.9400,6.8100,6.8700,4142438,28408842.3000
2018-07-20,6.8900,6.9800,6.8300,6.9600,4414216,30544772.8000
2018-07-23,6.9300,7.0200,6.8800,7.0200,4722849,32917892.0100
2018-07-24,7.0100,7.1000,6.9600,7.0900,6579699,46465357.3700
2018-07-25,7.0800,7.1200,7.0000,7.0300,5366212,37862811.8900
2018-07-26,7.0300,7.0500,6.9900,7.0300,4738585,33276373.4300
2018-07-27,7.0300,7.0300,6.9100,6.9100,4371694,30387693.9800
2018-07-30,6.9000,6.9500,6.7900,6.8200,4384889,30051773.7500
2018-07-31,6.8300,6.8800,6.8100,6.8600,2552129,17459780.5600
2018-08-01,6.8600,6.9100,6.7000,6.7200,3770233,25643134.6300
2018-08-02,6.7000,6.7100,6.3300,6.5000,7016146,45659696.6200
2018-08-03,6.5000,6.5500,6.4300,6.4400,2400200,15577591.0000
2018-08-06,6.4600,6.5100,6.2900,6.3400,3210884,20506397.2000
2018-08-07,6.3600,6.5300,6.3400,6.5100,3374717,21785471.3200
2018-08-08,6.5200,6.5700,6.4500,6.4700,2810060,18291923.2400
2018-08-09,6.4300,6.6600,6.4100,6.5900,4798264,31669563.8400
2018-08-10,6.5700,6.6100,6.5200,6.5900,3748200,24600455.0000
2018-08-13,6.5000,6.6300,6.4800,6.6300,4163109,27300590.0700
2018-08-14,6.6100,6.6200,6.5500,6.6000,2648596,17445644.8000
2018-08-15,6.6000,6.6200,6.4300,6.4600,3558226,23144976.3300
2018-08-16,6.4500,6.4900,6.3400,6.4100,2812335,18117249.1800
2018-08-17,6.4200,6.5100,6.2900,6.3400,2964419,18957565.9300
2018-08-20,6.3300,6.4900,6.2900,6.4700,2957645,18912826.0400
2018-08-21,6.4600,6.5500,6.4200,6.5200,4076401,26498859.4300
2018-08-22,6.5100,6.5300,6.3400,6.3700,3399200,21808808.0000
2018-08-23,6.3700,6.5400,6.3700,6.5100,4859990,31484537.7400
2018-08-24,6.5100,6.6200,6.4600,6.4700,4032086,26334280.4300
2018-08-27,6.4800,6.6200,6.4600,6.5600,4378018,28696698.9000
2018-08-28,6.5500,6.6300,6.5400,6.5700,5205001,34270948.5600
2018-08-29,6.6200,6.7600,6.5300,6.7100,11318823,75362089.5600
2018-08-30,6.6500,6.6500,6.3900,6.4100,11260820,73298598.3600
2018-08-31,6.4100,6.4300,6.3400,6.3500,4317681,27533125.3500
2018-09-03,6.3500,6.4200,6.2700,6.3800,3460402,21921980.0100
2018-09-04,6.3900,6.5000,6.3500,6.4600,4003826,25731142.2800
2018-09-05,6.4500,6.4700,6.3100,6.3400,3403464,21834044.1600
2018-09-06,6.3000,6.4300,6.3000,6.3300,2864333,18239982.4500
2018-09-07,6.3500,6.4200,6.2900,6.3300,2927186,18593519.6400
2018-09-10,6.3300,6.3400,6.2000,6.2000,3358184,20996374.8400
2018-09-11,6.2000,6.2900,6.1800,6.2200,2042800,12725358.0000
2018-09-12,6.2300,6.3100,6.2200,6.2600,2011215,12612564.7500
2018-09-13,6.3300,6.3400,6.2500,6.3100,2019800,12718598.0000
2018-09-14,6.3100,6.3500,6.2400,6.2400,2188626,13766025.4200
2018-09-17,6.2400,6.2400,6.1200,6.1300,2608451,16099564.0700
2018-09-18,6.1300,6.2300,6.1200,6.2300,2328362,14394910.7900
2018-09-19,6.2200,6.3100,6.1900,6.2800,3429697,21455693.9300
2018-09-20,6.2700,6.3000,6.2300,6.2700,2561900,16055027.7400
2018-09-21,6.2800,6.3600,6.2600,6.3400,3402878,21505486.9300
2018-09-25,6.3200,6.3300,6.2700,6.2800,2090490,13159303.4300
2018-09-26,6.3200,6.3300,6.2600,6.2900,3016709,18994509.1500
2018-09-27,6.2700,6.2900,6.1400,6.1700,5179074,32070665.5200
2018-09-28,6.2000,6.2500,6.1400,6.2200,3918780,24255864.3400
2018-10-08,6.1500,6.1800,6.1000,6.1200,4406869,27022072.8400
2018-10-09,6.1200,6.1600,6.0900,6.1400,2275126,13947888.6400
2018-10-10,6.1500,6.1900,6.1000,6.1600,1676202,10307756.3200
2018-10-11,6.0300,6.0400,5.5400,5.5400,11924891,69135814.0200
2018-10-12,5.4500,5.5400,5.1000,5.2900,6568580,35147425.9200
2018-10-15,5.3200,5.3700,5.1200,5.1400,3552600,18675297.0000
2018-10-16,5.1500,5.2300,4.9800,5.0100,4839528,24654798.8000
2018-10-17,5.2000,5.2000,4.9900,5.0800,4800328,24348908.6900
2018-10-18,5.0700,5.1100,4.9500,4.9600,4122461,20662176.4300
2018-10-19,4.9100,5.0900,4.8700,5.0700,3556219,17822196.2000
2018-10-22,5.1100,5.3700,5.1100,5.3100,9067626,47617123.3300
2018-10-23,5.3100,5.3100,5.1900,5.2100,4467110,23436560.6500
2018-10-24,5.2100,5.3100,5.1700,5.2200,3944607,20599156.9100
2018-10-25,5.1000,5.1600,5.0400,5.1400,4900266,24920546.8000
2018-10-26,5.1700,5.2200,5.1400,5.2200,4260788,22123743.7200
2018-10-29,5.2300,5.2300,5.0500,5.0800,3595080,18502372.8900
2018-10-30,5.0600,5.2300,5.0500,5.2000,4981139,25663925.0800
2018-10-31,5.2500,5.2900,5.2100,5.2400,4509552,23652345.5100
2018-11-01,5.2700,5.3500,5.2500,5.2500,6993293,37053165.9600
2018-11-02,5.3100,5.4000,5.2900,5.3900,9254319,49506434.9300
2018-11-05,5.3800,5.4700,5.3000,5.4300,7375570,39729158.0000
2018-11-06,5.4000,5.4300,5.3100,5.4200,5896262,31654724.8700
2018-11-07,5.4400,5.5400,5.4000,5.4200,7553199,41256825.8400
2018-11-08,5.4600,5.4900,5.4100,5.4200,5437079,29635658.9900
2018-11-09,5.3800,5.6200,5.3600,5.4600,7940525,43667666.8100
2018-11-12,5.4200,5.7500,5.4000,5.6800,11299686,63440020.8000
2018-11-13,5.5800,5.8500,5.5700,5.7900,13015450,74736197.0400
2018-11-14,5.7800,5.9000,5.7200,5.7700,8636531,50096352.2000
2018-11-15,5.7700,5.8800,5.7300,5.8500,8157836,47472915.4200
2018-11-16,5.8500,5.9800,5.8300,5.9000,9837063,58011216.3000
2018-11-19,5.9000,5.9200,5.7700,5.8700,9836379,57298758.6700
2018-11-20,5.8200,5.9100,5.7200,5.7400,9273560,54110764.4000
2018-11-21,5.7100,5.7900,5.6300,5.7800,7169378,40988569.3000
2018-11-22,5.8300,5.8900,5.7300,5.8700,7303735,42505563.4300
2018-11-23,5.8300,5.8500,5.4700,5.4800,11653449,65336976.8600
2018-11-26,5.4800,5.5800,5.4600,5.5700,5958801,32923611.7900
2018-11-27,5.5800,6.1000,5.5600,5.8700,20987060,123299893.3600
2018-11-28,5.9000,5.9700,5.7700,5.9200,16640100,97837946.9800
2018-11-29,5.9400,5.9900,5.5800,5.5800,12080339,69998471.3500
2018-11-30,5.6000,5.6900,5.4100,5.6000,9993814,55541723.0200
2018-12-03,5.7500,5.8600,5.7100,5.8000,10065283,58359257.9000
2018-12-04,5.8000,6.0300,5.8000,5.9800,18738678,111303946.3500
2018-12-05,5.8500,6.2600,5.8200,6.1300,25176943,151851607.6100
2018-12-06,6.0400,6.0400,5.8100,5.8300,17090992,100963262.3000
2018-12-07,5.9100,6.0100,5.8500,5.8900,11412581,67648780.2100
2018-12-10,5.8100,5.9500,5.7500,5.8900,10079718,58908793.6900
2018-12-11,5.8500,6.1300,5.8500,6.1000,19898605,120237117.5600
2018-12-12,6.0000,6.0400,5.9000,5.9200,12279023,73193995.8200
2018-12-13,5.9200,6.0300,5.9000,5.9600,9694000,57922052.0000
2018-12-14,5.9500,5.9600,5.6600,5.6700,11530669,66750502.2700
2018-12-17,5.6800,5.7300,5.5800,5.7200,5213776,29581574.1800
2018-12-18,5.7200,5.7400,5.5700,5.6300,5307996,29974025.8300
2018-12-19,5.6300,5.6900,5.5200,5.5400,4717194,26468790.1500
2018-12-20,5.5900,5.6700,5.5400,5.6700,5858158,32844515.2500
2018-12-21,5.6400,5.6700,5.5500,5.6000,4899023,27450773.3900
2018-12-24,5.6000,5.7800,5.6000,5.7500,7499853,42878288.9900
2018-12-25,5.6800,5.9400,5.4800,5.9300,15205175,87082626.0300
2018-12-26,5.8900,5.9700,5.7700,5.8000,10839299,63560155.4200
2018-12-27,5.8700,6.0800,5.8300,5.9000,19343156,115076531.5300
2018-12-28,5.9100,5.9200,5.7200,5.8600,10350722,60476515.4100
2019-01-02,5.8900,6.0900,5.8600,5.9800,17505990,105110533.3400
2019-01-03,5.9500,6.2500,5.8300,6.1600,22924415,138226134.9300
2019-01-04,6.0100,6.7800,5.9900,6.5000,34424586,218759430.0300
2019-01-07,6.4500,6.6600,6.4100,6.5200,25856999,168611453.7500
2019-01-08,6.4500,6.5500,6.3200,6.3900,16214206,103874557.4400
2019-01-09,6.3500,6.5100,6.2800,6.3000,17114017,109553324.8700
2019-01-10,6.2900,6.3700,6.2200,6.3000,13011797,81937011.7300
2019-01-11,6.3800,6.4800,6.3200,6.4000,13728094,87879586.9300
2019-01-14,6.3500,6.4000,6.1600,6.3100,10168589,63810589.1200
2019-01-15,6.2800,6.4100,6.2100,6.3500,9474906,60002368.4000
2019-01-16,6.3300,6.4100,6.1700,6.2000,10950735,68753923.6500
2019-01-17,6.1800,6.2300,6.0600,6.0600,8721193,53458587.1900
2019-01-18,6.0300,6.1200,6.0100,6.0900,6752138,40941496.7600
2019-01-21,6.0800,6.2100,6.0700,6.1400,5803137,35659165.0900
2019-01-22,6.1400,6.1800,6.0600,6.0800,4690162,28712959.2100
2019-01-23,6.0600,6.0900,6.0100,6.0800,3775725,22845193.6400
2019-01-24,6.0600,6.2600,6.0600,6.1700,7607317,46975598.5600
2019-01-25,6.2000,6.2200,6.1200,6.1200,5897766,36417773.3500
2019-01-28,6.1300,6.2400,6.0100,6.0400,5678270,34664053.5600
2019-01-29,6.0100,6.0100,5.7200,5.8200,8781532,51314915.7200
2019-01-30,5.8000,5.8500,5.7200,5.7200,4510342,26083000.3200
2019-01-31,5.7500,5.8200,5.5900,5.6000,5837932,33257238.8400
2019-02-01,5.6400,5.7700,5.6400,5.7400,4197944,24010996.5900
2019-02-11,5.7900,5.9400,5.7700,5.9200,5696915,33518649.3600
2019-02-12,5.9400,6.0300,5.9000,6.0300,7373658,44160090.7900
2019-02-13,6.0000,6.2000,5.9900,6.1500,12378491,75959611.8700
2019-02-14,6.1400,6.2200,6.1000,6.1600,9209722,56728049.4000
2019-02-15,6.1300,6.3300,6.1200,6.1800,11489957,71240260.6200
2019-02-18,6.2200,6.4100,6.2200,6.4100,14895501,94242791.8600
2019-02-19,6.4300,6.5200,6.3200,6.3900,15974380,102458479.5900
2019-02-20,6.3900,6.4200,6.2600,6.3600,12465265,79162340.7100
2019-02-21,6.3900,6.5500,6.3100,6.3600,18917427,121948547.4100
2019-02-22,6.3000,6.8500,6.3000,6.6500,29643649,195354913.7500
2019-02-25,7.0100,7.3200,6.7700,7.3200,53471663,379204310.5100
2019-02-26,7.4000,7.4400,7.0600,7.1600,49632126,360325427.2400
2019-02-27,7.2000,7.3700,7.0000,7.1400,31107403,222645453.4200
2019-02-28,7.1500,7.2300,6.8900,6.9700,29712155,208884619.2400
2019-03-01,6.9200,7.0400,6.8800,7.0200,14912715,103811276.0200
2019-03-04,7.0800,7.2400,7.0000,7.0600,28601253,203584647.1200
2019-03-05,7.0000,7.3500,6.9500,7.3500,31843064,229607903.0400
2019-03-06,7.3500,7.8800,7.1500,7.7400,50682439,383544017.5600
2019-03-07,7.6500,7.8600,7.5400,7.7300,37025123,285247334.2300
2019-03-08,7.5000,8.1300,7.4100,7.4900,44635143,346815138.5500
2019-03-11,7.6800,7.9400,7.5800,7.8700,28375714,220510558.4400
2019-03-12,7.9400,8.2300,7.8000,8.2000,42535541,342563919.5400
2019-03-13,8.1000,8.3000,7.6500,7.7000,37001747,295417079.0800
2019-03-14,7.6300,7.7800,7.2000,7.4100,25666506,191996477.5200
2019-03-15,7.5000,7.5700,7.2600,7.4400,16905632,125785641.7400
2019-03-18,7.4500,7.6200,7.3900,7.6200,16279685,121861385.2700
2019-03-19,7.5800,7.8800,7.4900,7.8600,25208457,194063269.1300
2019-03-20,7.7700,7.8000,7.4700,7.6900,21351215,163424381.3900
2019-03-21,7.6900,7.9300,7.6500,7.8200,21930556,171825075.7800
2019-03-22,7.8200,7.8500,7.5500,7.7500,16307879,125338493.2500
2019-03-25,7.6000,7.8400,7.5500,7.6100,13724203,105857132.0500
2019-03-26,7.6800,7.8100,7.4000,7.4600,16635900,127096570.5800
2019-03-27,7.5000,7.5700,7.2800,7.4100,12139863,89733011.1700
2019-03-28,7.3100,7.6300,7.3000,7.3700,11100763,82905125.9100
2019-03-29,7.3800,7.9600,7.2300,7.9200,26998723,207116599.0700
2019-04-01,8.4000,8.6100,8.0700,8.3800,52221131,433927477.3700
2019-04-02,8.4000,8.8600,8.2400,8.5100,55733809,476165965.3500
2019-04-03,8.3400,8.5100,8.1800,8.3900,30056819,251384656.5100
2019-04-04,8.4500,8.4800,8.2300,8.2300,24705734,205608547.7900
2019-04-08,8.2500,8.2900,7.9500,8.1300,23268117,188910107.7700
2019-04-09,8.1200,8.2500,8.0800,8.1700,12765044,104173690.7800
2019-04-10,8.1500,8.1500,7.8900,8.0200,18512922,147955275.7600
2019-04-11,8.0100,8.0400,7.8000,7.8000,13270476,104774701.3800
2019-04-12,7.8100,7.9200,7.7400,7.8500,9609156,75193264.8800
2019-04-15,7.9600,8.0800,7.8000,7.8100,13026367,103890839.0400
2019-04-16,7.8000,8.1400,7.6900,8.1200,18861999,150294933.8600
2019-04-17,8.1000,8.1900,8.0200,8.0600,14372213,116111240.5300
2019-04-18,8.0500,8.0600,7.8800,7.8800,11675398,93160147.5700
2019-04-19,7.9000,8.0800,7.8100,8.0600,13005476,103662229.9400
2019-04-22,8.0600,8.1300,7.9400,8.0000,13397574,107849840.3600
2019-04-23,7.9600,7.9900,7.6200,7.7100,16483871,127888235.9500
2019-04-24,7.7700,7.9100,7.7000,7.9000,13708302,107157604.8400
2019-04-25,7.7600,7.7900,7.3100,7.4000,22246749,168201684.9000
2019-04-26,7.3600,7.5200,7.3500,7.4500,10231997,76144802.0500
2019-04-29,7.5600,7.5600,6.9300,7.0100,14929982,107112145.4200
2019-04-30,7.0000,7.1300,6.9600,7.0300,6937071,48910749.9100
2019-05-06,6.8800,6.8800,6.3300,6.3300,13780839,90281160.1800
2019-05-07,6.3900,6.4900,6.3200,6.4100,6894171,44096750.1700
2019-05-08,6.3100,6.4700,6.2100,6.4000,6597853,42094816.9500
2019-05-09,6.3200,6.4300,6.3000,6.3000,6263681,39818602.0100
2019-05-10,6.3800,6.5800,6.2300,6.5600,10115251,65283477.8600
2019-05-13,6.4700,6.5500,6.4400,6.4700,6168016,40032324.5600
2019-05-14,6.4000,6.6200,6.3800,6.5400,8866925,57894839.3900
2019-05-15,6.5900,6.6500,6.5500,6.6300,7451422,49207780.1400
2019-05-16,6.6100,6.6200,6.5100,6.5700,10164296,66700636.8800
2019-05-17,6.5900,6.6700,6.2600,6.2900,9683409,62880633.4100
2019-05-20,6.3600,6.4200,6.2100,6.3900,6085942,38533313.9500
2019-05-21,6.3900,6.5500,6.3200,6.5500,6679179,43275829.1300
2019-05-22,6.5300,7.2100,6.5200,7.2100,32537879,230765239.6900
2019-05-23,7.1800,7.2800,6.9000,7.0000,38819019,274213668.8700
2019-05-24,6.8500,7.2100,6.8100,6.9500,21960699,154489142.2000
2019-05-27,6.9700,7.3000,6.9100,7.2700,22540227,161532712.7400
2019-05-28,7.1800,7.2400,7.0500,7.0800,20596386,147086552.6100
2019-05-29,7.0200,7.2100,6.9500,7.1000,14435157,102499898.1500
2019-05-30,7.0900,7.0900,6.8400,6.9900,12890909,89630807.4300
2019-05-31,7.0000,7.1600,6.9600,7.0900,11845126,83582303.9400
2019-06-03,7.0800,7.2400,6.8300,7.2200,21213298,150900068.5700
2019-06-04,7.1800,7.2900,6.8800,6.9700,17988532,127489935.9500
2019-06-05,7.0700,7.3900,7.0000,7.2800,24826509,179158627.1100
2019-06-06,7.3000,7.3000,6.9600,7.1000,16773064,119162747.0300
2019-06-10,7.1300,7.5800,7.0200,7.5600,32200063,238712252.2300
2019-06-11,7.4600,7.8900,7.4000,7.7400,38171539,290565530.7500
2019-06-12,7.6000,7.6900,7.5400,7.5800,20761633,157970880.6000
2019-06-13,7.5700,7.7100,7.5200,7.5800,13091020,99534568.5200
2019-06-14,7.5700,7.6100,7.1800,7.2800,19201273,141427820.9400
2019-06-17,7.2700,7.3300,7.1900,7.2400,7195755,52137215.0000
2019-06-18,7.2600,7.3300,7.1100,7.1400,7288038,52557553.5500
2019-06-19,7.3000,7.4400,7.2200,7.2500,12885268,94533272.1100
2019-06-20,7.2500,7.3700,7.1000,7.3400,14551950,105589340.0000
2019-06-21,7.3800,7.5500,7.3200,7.4300,14831092,110208209.1300
2019-06-24,7.4900,7.5600,7.3200,7.4400,10571174,78651470.7000
2019-06-25,7.4200,7.4300,7.1500,7.2300,10131790,73418107.5500
2019-06-26,7.2200,7.3000,7.0900,7.1200,8425495,60568350.0500
2019-06-27,7.1400,7.7600,7.1400,7.4800,27094566,202571194.7600
2019-06-28,7.4000,7.4200,7.1400,7.1900,17164807,124359621.2300
2019-07-01,7.3600,7.5400,7.2800,7.4800,21928041,163579719.4200
2019-07-02,7.4800,7.5800,7.3900,7.4100,15055665,112505937.3200
2019-07-03,7.3900,7.3900,7.1900,7.2400,12806369,92799826.3400
2019-07-04,7.2400,7.2800,7.1800,7.2200,6849096,49370558.0800
2019-07-05,7.2100,7.9200,7.1800,7.6400,42575575,323841412.7600
2019-07-08,7.5800,7.6800,7.2800,7.3400,33915100,252803587.2100
2019-07-09,7.4200,8.0700,7.3600,7.7300,69854339,548570836.1600
2019-07-10,7.6500,8.1500,7.5700,7.9600,63484886,496480935.1900
2019-07-11,7.8100,7.9100,7.6000,7.7900,39210863,303557371.7700
2019-07-12,7.7200,7.7500,7.5400,7.6500,21166471,161573806.0900
2019-07-15,7.6000,7.8000,7.4400,7.7000,19741845,150748727.8400
2019-07-16,7.6600,7.6800,7.4800,7.5600,18716603,141383610.8000
2019-07-17,7.5300,7.6300,7.4700,7.5300,14189820,107176297.0200
2019-07-18,7.4600,7.4700,6.9500,6.9600,32814704,234652236.6100
2019-07-19,6.9100,7.0000,6.8000,6.8100,16740601,115404973.0800
2019-07-22,6.8600,6.8600,6.5200,6.5300,10719445,71018562.8200
2019-07-23,6.5400,6.6900,6.5300,6.6500,5691409,37738593.9500
2019-07-24,6.6900,6.8600,6.6500,6.7400,8516500,57633954.0000
2019-07-25,6.7700,6.8200,6.7100,6.7700,6012143,40619792.9200
2019-07-26,6.7500,6.7500,6.6600,6.7000,4843107,32501106.9700
2019-07-29,6.7000,6.7700,6.6900,6.7400,3366743,22657062.5000
2019-07-30,6.7800,6.8700,6.7600,6.7900,6648810,45280812.9000
2019-07-31,6.7700,6.8000,6.6700,6.6700,5188937,34802398.6200
2019-08-01,6.6200,6.7000,6.6000,6.6600,5152665,34209814.3500
2019-08-02,6.5200,6.5700,6.4200,6.5000,8771169,56971961.7100
2019-08-05,6.5300,6.7100,6.5000,6.5600,6882726,45569322.8900
2019-08-06,6.4600,6.4700,6.1300,6.3100,10016158,63000502.5600
2019-08-07,6.3700,6.4000,6.2900,6.3000,4314973,27321694.2500
2019-08-08,6.3200,6.3800,6.3000,6.3500,4209216,26693434.8000
2019-08-09,6.3900,6.4800,6.2800,6.2900,5034200,32080960.0000
2019-08-12,6.3700,6.4600,6.3200,6.4500,5121754,32815267.3900
2019-08-13,6.3900,6.4100,6.3100,6.3500,4698402,29865744.6600
2019-08-14,6.4600,6.5000,6.3600,6.3600,6499272,41869119.0800
2019-08-15,6.2200,6.3400,6.1200,6.3200,7226777,44914428.3200
2019-08-16,6.3400,6.4300,6.3100,6.3900,6125888,39105445.2200
2019-08-19,6.4700,6.6400,6.4300,6.6300,9996240,65550181.3000
2019-08-20,6.6200,6.6900,6.5900,6.6100,8824559,58575785.9600
2019-08-21,6.6100,6.6700,6.5600,6.6000,5040921,33328673.6100
2019-08-22,6.6500,6.6900,6.5600,6.6200,5712576,37811831.1600
2019-08-23,6.6800,6.8100,6.6100,6.6300,9474762,63432365.8100
2019-08-26,6.4500,6.4900,6.3900,6.4400,7452556,47980979.2000
2019-08-27,6.4900,6.6500,6.4700,6.6200,8236231,54207678.0000
2019-08-28,6.6100,6.6800,6.5400,6.6400,6073031,40151445.4100
2019-08-29,6.6200,6.7200,6.5700,6.6600,9108703,60532450.0000
2019-08-30,6.6800,6.7000,6.3600,6.4000,10396950,67785428.3100
2019-09-02,6.4100,6.5800,6.4100,6.5700,7910146,51474952.4100
2019-09-03,6.5800,6.6900,6.5700,6.6700,8757489,58080186.6800
2019-09-04,6.6200,6.6700,6.5600,6.6600,9742406,64475513.5900
2019-09-05,6.6900,6.8800,6.6800,6.8500,18561622,126155096.8500
2019-09-06,6.8600,6.9400,6.7800,6.8500,14166892,97150332.9300
2019-09-09,6.9400,7.1800,6.8400,7.0900,21073584,147868630.6900
2019-09-10,7.1200,7.8000,6.9600,7.8000,31475729,229908974.9000
2019-09-11,8.0100,8.3100,7.5100,7.5300,64646539,514217569.1300
2019-09-12,7.3600,7.7400,7.3100,7.5400,31499906,235704282.7600
2019-09-16,7.5600,7.9500,7.5000,7.7100,34809874,270341067.8400
2019-09-17,7.6000,7.6200,7.3400,7.4500,22791068,170356925.7300
2019-09-18,7.4500,7.6700,7.4000,7.6000,22722153,172099074.9200
2019-09-19,7.5700,7.6700,7.4600,7.6300,15142903,114594920.6700
2019-09-20,7.6200,7.7200,7.4600,7.5100,15338434,116755513.9800
2019-09-23,7.4100,7.4500,7.2000,7.3000,16264027,118624843.5700
2019-09-24,7.3200,7.5500,7.2900,7.3900,17227244,127942868.3500
2019-09-25,7.3000,7.6500,7.2600,7.5400,26724958,200881667.5200
2019-09-26,7.5800,7.6400,6.9800,7.0200,27295552,197315822.3200
2019-09-27,7.0000,7.2000,6.9600,7.0500,10199588,72440171.4300
2019-09-30,7.0200,7.1600,6.8200,6.8200,9584353,67268145.8000
2019-10-08,6.8600,7.2700,6.8300,7.1000,17237380,122164308.5700
2019-10-09,7.0500,7.1400,6.8500,7.1000,12405189,86847912.9600
2019-10-10,7.2900,7.8100,7.2900,7.6600,48692450,370224320.1100
2019-10-11,7.6600,8.0600,7.6600,7.7200,54453180,426540209.3200
2019-10-14,7.9500,8.1500,7.8000,7.9900,57658549,462257338.7000
2019-10-15,8.0400,8.2300,7.7600,7.9000,47120343,374455140.1900
2019-10-16,8.2600,8.2600,7.7100,7.7700,47147568,377378297.4400
2019-10-17,7.7400,8.5500,7.7400,8.3700,119905642,1002936232.1600
2019-10-18,8.1400,8.2100,7.6800,7.9700,90225057,716632377.1400
2019-10-21,7.9600,7.9600,7.1700,7.2700,60728136,445472154.8000
2019-10-22,7.1200,7.5300,7.1200,7.5200,39142329,287920297.1400
2019-10-23,7.4300,8.2000,7.3600,8.0100,71443389,566526558.3500
2019-10-24,7.9300,8.7400,7.8600,8.5100,97446373,820709111.9300
2019-10-25,8.4500,8.6300,8.2800,8.3800,71854731,607177255.5200
2019-10-28,9.2200,9.2200,9.2200,9.2200,13201819,121720771.1800
2019-10-29,10.1400,10.1400,8.8100,9.0700,135219963,1322016940.7100
2019-10-30,8.8000,9.3600,8.6300,9.0000,101595095,918722631.2900
2019-10-31,9.0500,9.0500,8.2400,8.4700,73838804,636714812.6700
2019-11-01,8.3900,8.6600,8.1800,8.5700,55285330,467951896.9400
2019-11-04,8.5400,8.6500,8.1700,8.3000,65485376,552083429.9600
2019-11-05,8.3100,8.3800,8.0600,8.1700,46662061,382622990.7200
2019-11-06,8.0800,8.1200,7.6800,7.8200,47302799,373045902.0700
2019-11-07,7.8500,8.0600,7.8000,8.0100,39794945,315981416.0500
2019-11-08,8.0300,8.1500,7.8000,7.8000,33707935,268157135.5900
2019-11-11,7.7100,7.8300,7.5100,7.7000,25560403,196495156.6900
2019-11-12,7.7600,7.9400,7.6200,7.9400,29427642,229611991.4300
2019-11-13,7.8700,7.9400,7.6300,7.8900,26049480,202533490.0700
2019-11-14,7.8000,7.9700,7.7300,7.8000,25084267,197246770.1700
2019-11-15,7.7400,7.7500,7.4200,7.4300,31019906,235685134.7700
2019-11-18,7.3700,7.5900,7.3500,7.5500,17005134,127784004.3500
2019-11-19,7.5800,7.7700,7.5400,7.7000,18646405,142706255.6300
2019-11-20,7.7100,7.7800,7.5100,7.5300,18914435,144166554.6600
2019-11-21,7.4700,7.6300,7.3900,7.5400,13276966,99878176.2600
2019-11-22,7.5500,7.6400,7.2700,7.3000,19543351,144921496.6800
2019-11-25,7.2800,7.3400,7.0600,7.1000,14939590,106647898.9900
2019-11-26,7.1400,7.1800,7.0400,7.0400,9826012,69689273.1200
2019-11-27,7.0200,7.1100,6.9700,7.0600,10204977,71961481.8100
2019-11-28,7.0300,7.1400,7.0100,7.1000,10479440,74221124.9900
2019-11-29,7.1100,7.1500,7.0400,7.1200,8350069,59223511.3200
2019-12-02,7.1500,7.1600,7.0400,7.0400,7534119,53386867.7000
2019-12-03,7.0000,7.0600,6.8300,7.0400,14349374,99434220.5700
2019-12-04,7.0200,7.1400,6.9800,7.0800,9270056,65611196.1300
2019-12-05,7.1000,7.2700,7.0800,7.2600,15105155,108797918.5700
2019-12-06,7.2300,7.3100,7.1400,7.2900,11752470,84914526.0400
2019-12-09,7.3200,7.5000,7.2500,7.4300,19068311,141175446.7500
2019-12-10,7.4000,7.4100,7.2700,7.3900,14981699,110157840.5100
2019-12-11,7.3900,7.5400,7.3600,7.3800,16652536,124081192.5000
2019-12-12,7.3700,7.4500,7.3000,7.3100,14024437,103382696.9400
2019-12-13,7.4000,7.4900,7.3600,7.4800,17493637,130160290.2800
2019-12-16,7.5400,7.6100,7.4500,7.6100,17837921,134438213.5000
2019-12-17,7.6100,7.6900,7.5500,7.6700,22913565,174566759.0000
2019-12-18,7.6800,7.7700,7.6100,7.6300,17811955,136841820.6100
2019-12-19,7.6400,7.7600,7.6300,7.7200,19860166,152654725.7100
2019-12-20,7.7000,7.7400,7.4300,7.4400,19772297,149367155.5500
2019-12-23,7.4400,7.4500,7.1600,7.1600,14815890,108422772.3500
2019-12-24,7.2000,7.3800,7.2000,7.3800,10437708,76026143.3700
2019-12-25,7.3500,7.8400,7.3400,7.7500,40632115,313417859.1300
2019-12-26,7.7700,7.8100,7.6100,7.7800,21895926,168970354.5600
2019-12-27,7.8000,7.8600,7.5300,7.5400,22608626,173781736.3200
2019-12-30,7.4900,7.5800,7.3400,7.5500,17343050,129631588.1100
2019-12-31,7.5400,7.7500,7.5100,7.6500,15449089,117915563.9500
2020-01-02,7.7500,7.9400,7.7000,7.8800,27722985,217303628.6100
2020-01-03,7.9000,8.2500,7.7700,8.1500,41541406,331516599.7200
2020-01-06,8.0000,8.1800,7.9500,8.0600,35489112,286106588.5700
2020-01-07,8.0800,8.4600,8.0300,8.3700,40987634,338932661.7300
2020-01-08,8.2400,8.4900,8.0800,8.0800,34942734,288625742.6200
2020-01-09,8.2200,8.3700,8.1600,8.1800,28370161,233736398.3000
2020-01-10,8.2400,8.3600,8.0200,8.1700,24584067,201115922.7300
2020-01-13,8.2000,8.3000,8.0600,8.2600,22112252,180639171.9400
2020-01-14,8.2500,8.3100,8.0700,8.0700,24483313,199975324.5200
2020-01-15,8.0700,8.2500,7.9800,8.2300,28612218,233834237.9000
2020-01-16,8.2100,8.3000,8.0600,8.0900,20959358,170823282.4300
2020-01-17,8.1000,8.1400,7.9500,7.9500,15943172,128225907.7900
2020-01-20,8.0000,8.1200,7.9000,8.1100,16627551,133376571.3500
2020-01-21,8.1000,8.1000,7.7600,7.7900,19330097,152977621.3400
2020-01-22,7.7700,7.9200,7.5800,7.8500,16833019,130539156.2600
2020-01-23,7.7800,7.8900,7.3600,7.5100,21478292,164177769.8100
2020-02-03,6.7600,6.7600,6.7600,6.7600,2954900,19975124.0000
2020-02-04,6.0800,6.6300,6.0800,6.4100,26342847,169066093.8700
2020-02-05,6.4500,6.6700,6.4400,6.5000,17553538,115157297.9500
2020-02-06,6.5500,6.7000,6.4500,6.6300,17626589,116342212.7600
2020-02-07,6.6600,6.8400,6.5600,6.8400,21697901,145587693.0200
2020-02-10,6.8000,7.0500,6.8000,6.9400,18547084,128416573.3200
2020-02-11,6.9000,6.9300,6.7900,6.8100,14298836,97882918.2000
2020-02-12,6.8300,6.9800,6.7800,6.9400,14627182,100967782.5800
2020-02-13,7.0200,7.1500,6.9100,6.9300,19280177,135303163.9000
2020-02-14,6.9300,7.1000,6.8800,6.9900,16079186,112206634.5600
2020-02-17,7.0700,7.2400,7.0200,7.2300,19033534,136092479.1000
2020-02-18,7.2600,7.4200,7.1600,7.4000,26758694,195017844.2900
2020-02-19,7.4000,7.4000,7.2800,7.3100,18215043,133657798.5600
2020-02-20,7.3300,7.7500,7.1600,7.7100,37694239,281382941.6900
2020-02-21,7.6600,7.9600,7.5800,7.8300,45592994,354953674.4900
2020-02-24,7.8500,8.2800,7.7600,8.1500,45874795,370306751.0600
2020-02-25,7.8500,8.2500,7.7100,8.1400,46561002,373181268.3500
2020-02-26,8.0000,8.1200,7.7200,7.7900,34831207,275997389.8100
2020-02-27,7.9800,8.1600,7.8100,8.0400,39357877,316225944.8900
2020-02-28,7.7100,7.8900,7.2800,7.3600,38799248,294183959.8400
2020-03-02,7.3900,7.9100,7.3900,7.8000,32433721,248789024.2300
2020-03-03,7.9700,8.1000,7.7100,7.8400,35780686,284072442.3700
2020-03-04,7.8600,8.1100,7.8100,8.0500,31598089,251622113.4000
2020-03-05,8.1500,8.1800,7.8600,7.9600,31472382,251627632.6800
2020-03-06,7.8300,7.9300,7.7400,7.7700,21826964,170850652.5300
2020-03-09,7.6800,7.9800,7.6200,7.6400,24304271,189226673.6000
2020-03-10,7.5800,8.1900,7.4700,8.1800,46060888,364098897.2700
2020-03-11,8.1700,8.3200,7.9700,8.0300,45382761,370126233.6000
2020-03-12,7.8000,8.0500,7.7600,7.8700,27900383,219776066.1000
2020-03-13,7.4700,7.7500,7.2000,7.6700,38054110,283436706.2800
2020-03-16,7.7000,7.8200,7.0000,7.0700,29368803,219200792.6700
2020-03-17,7.1500,7.2600,6.6800,7.0100,20072023,140346930.7500
2020-03-18,7.0800,7.1700,6.7300,6.7400,18747444,130836502.2600
2020-03-19,6.7500,6.9500,6.6400,6.9000,15320635,104305606.7400
2020-03-20,6.9300,7.0400,6.8600,6.9700,10265371,71200834.4200
2020-03-23,6.7700,6.9300,6.6700,6.6700,10488319,71218826.8100
2020-03-24,6.8000,6.9500,6.7100,6.9500,11450483,78155001.4400
2020-03-25,7.0400,7.0800,6.9400,7.0000,11801424,82791795.9200
2020-03-26,6.9400,7.1800,6.8100,7.1200,16605581,116019682.5500
2020-03-27,7.0000,7.0700,6.7900,6.7900,16649645,115262969.6700
2020-03-30,6.6800,6.6800,6.4200,6.4500,11618248,75567809.4100
2020-03-31,6.5500,6.5800,6.4000,6.4000,6220219,40248048.4800
2020-04-01,6.4000,6.5100,6.3500,6.3700,6456833,41510751.1400
2020-04-02,6.3300,6.5200,6.3300,6.5200,6598075,42454983.0300
2020-04-03,6.5200,6.5700,6.4000,6.4100,5834195,37748855.3300
2020-04-07,6.5900,6.8600,6.5800,6.8100,15995805,108051440.3200
2020-04-08,6.7400,6.8800,6.7100,6.7800,12158186,82439793.4500
2020-04-09,6.8200,6.8900,6.7500,6.8000,10923394,74471999.7800
2020-04-10,6.7900,6.8100,6.5200,6.5400,11069300,73386067.1700
2020-04-13,6.5200,6.5200,6.4300,6.4900,5806476,37557594.1800
2020-04-14,6.5200,6.6300,6.5100,6.6100,5278410,34739806.5800
2020-04-15,6.7200,6.9700,6.6800,6.6800,11664251,79285482.9000
2020-04-16,6.7300,7.3500,6.7300,7.3500,42449966,302866465.7000
2020-04-17,7.6800,8.0000,7.3800,7.4500,77012443,594036872.9600
2020-04-20,7.2300,8.0800,7.2100,7.8700,61938879,478692334.0100
2020-04-21,7.7200,7.7800,7.4500,7.5000,41493256,315464274.3700
2020-04-22,7.3800,8.2500,7.3000,8.2500,37133040,292846936.4500
2020-04-23,8.4800,9.0800,8.3900,8.8000,150696039,1319161469.1900
2020-04-24,8.4800,8.6100,7.9200,7.9500,96469855,796388636.0300
2020-04-27,7.9000,8.2800,7.7300,7.8100,50933900,410104201.2400
2020-04-28,7.7000,8.3500,7.6300,8.0000,65008931,519537476.0600
2020-04-29,7.7000,7.8000,7.3800,7.4800,50512754,383713103.2900
2020-04-30,7.6500,7.8500,7.4300,7.6900,46281212,354341899.7500
2020-05-06,7.6100,8.0000,7.6100,7.9300,37986259,298173522.2700
2020-05-07,7.9500,7.9500,7.5300,7.6000,41779818,322331839.5000
2020-05-08,8.0300,8.3600,8.0300,8.3600,18381152,152925813.7200
2020-05-11,8.5000,9.1800,8.4400,8.6000,100288398,875531076.4600
2020-05-12,8.6100,8.8400,8.2000,8.8000,75184200,641345071.7700
2020-05-13,8.6300,9.6000,8.4800,9.1800,90198384,822125650.0200
2020-05-14,9.2300,10.1000,9.2300,9.7900,125852070,1238862138.8900
2020-05-15,9.6900,9.9500,9.4100,9.6000,108558337,1048190673.2600
2020-05-18,9.3300,9.3600,8.7600,8.8600,86739398,778912890.9700
2020-05-19,8.9100,9.2400,8.8400,9.0700,67874076,613824271.6400
2020-05-20,8.9100,9.4700,8.6900,9.2300,73888300,675583333.1700
2020-05-21,9.1000,9.5000,8.9200,9.3700,65409660,600794670.6900
2020-05-22,9.2300,9.4300,8.7900,8.8200,55129611,501300513.9900
2020-05-25,8.6700,9.0500,8.6500,8.9500,39338825,349806176.7400
2020-05-26,8.9200,9.0300,8.7600,8.9800,40889857,364095273.2100
2020-05-27,8.8400,8.8700,8.3000,8.3400,64626273,550127052.0100
2020-05-28,8.3100,8.4100,7.9600,8.1100,41645484,338841381.0900
2020-05-29,8.0800,8.1800,7.9900,8.0300,27503006,221776641.2000
2020-06-01,8.0500,8.3600,8.0500,8.3100,34274101,282756547.4200
2020-06-02,8.4000,8.5500,8.2900,8.3100,38327801,322111288.3200
2020-06-03,8.3900,8.6300,8.2200,8.5500,44484092,376438853.7300
2020-06-04,8.5800,8.6400,8.2700,8.3000,32888424,275258043.6800
2020-06-05,8.3100,8.4100,8.1600,8.2500,22801612,188561126.4900
2020-06-08,8.2500,8.3000,8.0600,8.0800,22107794,180098365.3600
2020-06-09,8.0900,8.6000,8.0900,8.4000,37849844,317165871.2500
2020-06-10,8.3700,8.4400,8.1700,8.2500,23032094,190270159.8400
2020-06-11,8.3000,8.3800,8.1400,8.1600,24267415,200618357.9600
2020-06-12,7.9100,8.1000,7.8300,7.9600,24745298,197062432.8000
2020-06-15,7.9400,8.1500,7.9000,7.9400,20379017,163472811.7400
2020-06-16,8.0400,8.1400,7.9500,8.1100,22608534,181979849.7000
2020-06-17,8.1100,8.5800,7.9400,8.4900,40597214,333842079.7400
2020-06-18,8.3300,8.4500,8.3000,8.3100,25549929,213688364.7500
2020-06-19,8.2900,8.4700,8.2500,8.4000,23045536,193236029.9700
2020-06-22,8.4500,8.6400,8.3600,8.5600,31627736,269391647.2900
2020-06-23,8.5300,8.5600,8.3300,8.4000,23825740,201192679.6500
2020-06-24,8.4300,8.4300,8.1700,8.1800,22595411,186748707.1800
2020-06-29,8.2300,8.3200,8.0700,8.1100,13966972,114117365.7900
2020-06-30,8.1500,8.5300,8.1400,8.5100,37562139,315731786.7700
2020-07-01,8.4100,8.5200,8.3200,8.4600,29778474,250472345.0200
2020-07-02,8.4600,8.6600,8.4300,8.6200,39682104,339510220.0100
2020-07-03,8.6100,8.7300,8.4700,8.6900,42135947,362849071.6000
2020-07-06,8.6600,9.1400,8.6600,9.0400,58399116,521229406.1100
2020-07-07,9.0400,9.4700,8.9100,9.1500,62540758,571997808.8800
2020-07-08,9.1000,10.0700,8.9600,9.9900,90473529,865290931.7600
2020-07-09,9.8100,10.2600,9.7200,9.9300,76758074,760596271.2100
2020-07-10,9.9500,10.2500,9.7900,9.9300,62096189,623996895.5100
2020-07-13,9.8000,10.2300,9.8000,10.0400,47824656,479575276.0600
2020-07-14,10.0000,10.1800,9.5300,9.8800,52775138,519034510.5600
2020-07-15,9.8800,9.9600,9.2600,9.2800,39870808,379721596.7400
2020-07-16,9.4900,10.2100,9.3500,9.4900,97276117,964288142.3900
2020-07-17,9.0900,9.1900,8.7400,8.9900,63243149,566235442.9000
2020-07-20,9.1000,9.6400,8.9000,9.5800,47848330,444179958.1600
2020-07-21,10.0000,10.2700,9.7300,9.9000,68863224,686178560.7700
2020-07-22,10.2000,10.8200,10.0000,10.3800,97237848,1012244581.4500
2020-07-23,10.1300,10.3700,9.8600,10.0000,56600025,571112276.2700
2020-07-24,10.0000,10.1300,9.3000,9.4100,55539192,536297362.9800
2020-07-27,9.6900,10.1600,9.6300,9.8300,53097909,528309506.8200
2020-07-28,10.1900,10.5800,9.8600,10.3900,67820603,694955477.8700
2020-07-29,10.2600,10.7900,10.0400,10.7300,69996567,728428116.5200
2020-07-30,10.5900,10.7000,10.2200,10.5200,57194170,595538259.6900
2020-07-31,10.4000,11.1600,10.2800,10.9400,72882500,782502052.0500
2020-08-03,10.8500,11.2900,10.7800,11.0900,53449600,591920938.7500
2020-08-04,11.3000,12.0900,10.5200,10.6200,95052440,1072925342.7000
2020-08-05,10.5500,10.7300,10.2300,10.5200,52027459,544640438.9500
2020-08-06,10.8800,10.9600,10.4100,10.6500,55282535,593178278.5500
2020-08-07,10.4800,10.4900,10.0500,10.3000,45666266,469224013.6100
2020-08-10,10.2200,10.5100,10.2100,10.4900,25919225,269652573.5800
